name,Abortion and Reproductive Health: Do you support the Supreme Court's decision to overturn Roe v. Wade?,Abortion: Do you generally support pro-choice or pro-life legislation?,"Budget, Spending, and Taxes: Do you support a decrease in income taxes in order to balance the budget?","Budget, Spending, and Taxes: Do you support a wealth tax in order to pay for public programs?","Budget, Spending, and Taxes: Do you support expanding federal funding to support social safety net programs such as Social Security and Medicare?",Budget: Do you support expanding federal funding to support entitlement programs such as Social Security and Medicare?,Budget: Do you support expanding federal funding to support social safety net programs such as Social Security and Medicare?,"Budget: In order to balance the budget, do you support an income tax increase on any tax bracket?","Budget: In order to balance the budget, do you support reducing defense spending?","Crime &amp; Public Safety: Do you support protecting government officials, including law enforcement officers, from personal liability in civil lawsuits concerning alleged misconduct?","Crime: Do you support the protection of government officials, including law enforcement officers, from personal liability in civil lawsuits concerning alleged misconduct?",Defense: Do you support increasing defense spending?,"Economy: Do you support federal spending as a means of promoting economic growth (e.g. grants, tax incentives)?",Economy: Do you support lowering corporate taxes as a means of promoting economic growth?,Economy: Do you support providing financial relief to businesses AND/OR corporations negatively impacted by the state of national emergency for COVID-19?,Economy: Do you support the federal government increasing funding for affordable housing programs?,"Economy: Do you support the federal government taking action, beyond those of the Federal Reserve, to alleviate inflation?",Education: Do you support requiring states to adopt federal education standards?,Education: Do you support the forgiveness of federal student loan debt?,Elections: Do you support requiring a government-issued identification in order to vote at the polls?,"Energy and Environment: Do you support government funding for the development of renewable energy (e.g. solar, wind, geo-thermal)?",Energy and Environment: Do you support the federal regulation of greenhouse gas emissions?,"Guns: Do you generally support gun-control legislation (e.g. red flag laws, boyfriend loopholes)?","Health Care: Do you support a government-run (e.g. single-payer) healthcare program, such as Medicare-for-All?",Health Care: Do you support expanding paid family AND/OR medical leave benefits (e.g. maternity leave)?,Health Care: Do you support lowering the cost of prescription drugs?,"Health Care: Do you support repealing the 2010 Affordable Care Act (""Obamacare"")?","Health Care: Do you support requiring businesses to provide paid medical leave during public health crises, such as COVID-19?",Health Care: Should the government be able to regulate the cost of prescription drugs?,Immigration: Do you support increasing security along the southern US border?,"Immigration: Do you support requiring immigrants to return to their country of origin before they are eligible for citizenship, regardless of their immigration status?",Immigration: Do you support requiring immigrants who are unlawfully present to return to their country of origin before they are eligible for citizenship?,Immigration: Do you support the construction of a wall along the Mexican border?,Marijuana: Do you support the legalization of marijuana for recreational purposes?,National Security: Do you support economic intervention as a means of resolving international conflicts?,National Security: Do you support increased American intervention in Middle Eastern conflicts beyond air support?,National Security: Do you support reducing military intervention in Middle East conflicts?,National Security: Do you support the U.S. providing increased offensive military aid to Ukraine?,National Security: Do you support the US providing increased offensive military aid to Ukraine?,National Security: Should the United States use military force in order to prevent governments hostile to the U.S. from possessing a nuclear weapon?,"National Security: Should the United States use military force to prevent governments hostile to the U.S. from possessing a weapon of mass destruction (for example: nuclear, biological, chemical)?","Taxes: Do you support raising taxes, on any income or on any entity, to promote economic growth?","Technology and Communication: Do you generally support increased regulations on social media companies (e.g. Tik Tok, Facebook, etc.)?","Trade: Do you generally support removing barriers to international trade (for example: tariffs, quotas, etc.)?","Campaign Finance: Do you support the regulation of indirect campaign contributions from corporations, unions, and individuals?",Energy & Environment: Do you support the federal regulation of greenhouse gas emissions?
Maria Cantwell,-1,0,-1,0,1,0,0,0,0,1,0,0,1,0,0,1,1,0,0,0,0,0,1,1,1,0,0,0,1,-1,-1,0,0,0,1,0,0,0,1,0,0,0,0,0,1,0
Thomas Carper,0,0,0,0,0,0,0,0,0,0,0,0,0,0,0,0,0,0,0,0,0,0,0,0,0,0,0,0,0,0,0,0,0,0,0,0,0,0,0,0,0,0,0,0,0,0
Sherrod Brown,-1,0,0,1,1,0,0,0,0,-1,0,1,1,0,0,1,1,0,1,-1,0,0,1,1,1,0,0,0,1,1,-1,0,0,0,1,0,0,0,1,0,0,0,1,0,1,0
Robert Casey,-1,0,0,1,1,0,0,0,0,-1,0,1,1,0,0,1,1,0,1,0,0,0,1,1,1,0,0,0,1,1,-1,0,0,0,1,0,0,0,1,0,0,0,0,0,1,0
Benjamin Cardin,0,-1,0,0,0,0,0,1,0,0,0,0,1,-1,0,0,0,1,0,2,0,0,1,0,0,0,-1,0,0,0,0,0,-1,0,0,-1,0,0,0,-1,0,0,0,0,0,1
Amy Klobuchar,-1,0,-1,1,1,0,0,0,0,0,0,-1,1,0,0,1,1,0,1,1,0,0,1,1,1,0,0,0,1,0,-1,0,0,0,1,0,0,0,1,0,0,0,1,0,1,0
Debbie Stabenow,0,-1,0,0,0,0,0,0,-1,0,0,0,1,-1,0,0,0,1,0,2,0,0,1,0,0,0,-1,0,0,0,0,-1,-1,1,0,0,0,0,0,0,0,0,0,0,1,1
Jon Tester,-1,0,0,0,1,0,0,0,0,1,0,1,1,0,0,1,1,0,0,2,0,0,1,1,1,0,0,0,1,1,-1,0,0,0,1,0,0,0,1,0,0,0,0,0,1,0
Bernard Sanders,-1,0,-1,1,1,0,0,0,0,-1,0,-1,1,0,0,1,1,0,1,-1,0,0,1,1,1,0,0,0,1,-1,-1,0,0,0,1,0,0,0,0,0,0,0,0,0,1,0
Sheldon Whitehouse,-1,0,-1,1,1,0,0,0,0,0,0,0,1,0,0,1,1,0,1,2,0,0,1,1,1,0,0,0,1,-1,-1,0,0,0,1,0,0,0,1,0,0,0,0,0,1,0
Roger Wicker,1,0,1,-1,1,0,0,0,0,0,0,1,0,0,0,0,1,0,-1,2,0,0,-1,1,1,0,0,0,0,1,0,0,0,0,1,0,0,0,1,0,0,0,0,0,0,0
John Barrasso,1,0,1,-1,-1,0,0,0,0,0,0,1,-1,0,0,0,-1,0,-1,0,0,0,-1,0,0,0,0,0,0,1,1,0,0,0,1,0,0,0,-1,0,0,0,0,0,0,0
Richard Durbin,0,0,0,0,0,0,0,0,0,0,0,0,0,0,0,0,0,0,0,0,0,0,0,0,0,0,0,0,0,0,0,0,0,0,0,0,0,0,0,0,0,0,0,0,0,0
John Cornyn,0,1,0,0,0,-1,0,-1,0,0,0,1,-1,1,1,0,0,-1,0,0,-1,-1,-1,0,0,0,1,1,0,0,0,1,1,0,0,0,0,0,0,0,0,0,0,1,-1,0
Susan Collins,0,1,0,0,0,0,0,-1,0,0,0,1,1,1,1,0,0,1,0,0,1,1,1,0,0,0,-1,1,0,0,0,-1,1,0,0,0,0,0,0,0,0,0,0,1,1,0
Mitch McConnell,0,1,0,0,0,-1,0,-1,0,0,0,1,1,1,1,0,0,-1,0,0,1,-1,-1,0,0,0,1,1,0,0,0,0,1,0,0,0,-1,0,0,0,0,0,0,1,-1,0
Lindsey Graham,0,1,0,0,0,-1,0,-1,0,0,1,1,1,1,1,0,0,-1,0,0,1,-1,-1,0,0,0,1,1,0,0,0,-1,1,0,0,0,-1,0,0,0,0,0,0,1,0,0
Jeff Merkley,0,-1,0,0,0,1,0,1,0,0,-1,-1,1,-1,1,0,0,1,0,0,1,1,1,0,0,0,-1,1,0,0,0,-1,-1,0,0,0,-1,0,0,0,0,0,0,1,1,0
John Reed,0,-1,0,0,0,1,0,1,0,0,0,0,1,-1,1,0,0,1,0,0,1,1,1,0,0,0,-1,1,0,0,0,-1,-1,0,0,0,1,0,0,0,0,0,0,1,1,0
James Risch,0,1,0,0,0,-1,0,-1,0,0,0,1,-1,1,1,0,0,-1,0,0,-1,-1,-1,0,0,0,1,1,0,0,0,1,1,0,0,0,0,0,0,0,0,0,0,1,0,0
Jeanne Shaheen,0,-1,0,0,0,1,0,1,0,0,0,0,1,-1,1,0,0,1,0,0,1,1,1,0,0,0,-1,1,0,0,0,-1,-1,0,0,0,0,0,0,0,0,0,0,1,1,0
Joe Manchin,0,1,0,0,0,0,0,-1,0,0,0,0,1,-1,0,0,0,1,0,0,0,0,1,0,0,0,-1,0,0,0,0,-1,1,0,0,-1,0,0,0,0,0,0,0,0,1,-1
Mark Warner,0,-1,0,0,0,1,0,1,0,0,0,0,1,-1,1,0,0,1,0,0,1,1,1,0,0,0,-1,1,0,0,0,-1,-1,0,0,0,0,0,0,0,0,0,0,1,1,0
Christopher Coons,0,-1,0,0,0,1,0,1,0,0,-1,1,1,-1,1,0,0,1,0,0,1,1,1,0,0,0,-1,1,0,0,0,-1,-1,0,0,0,-1,0,0,0,0,0,0,1,1,0
Kirsten Gillibrand,-1,0,-1,1,1,0,0,0,0,-1,0,1,1,0,0,0,1,0,1,0,0,0,1,1,1,0,0,0,1,0,-1,0,0,0,1,0,0,0,1,0,0,0,1,0,1,0
Michael Bennet,0,-1,0,0,0,0,1,0,0,0,-1,1,1,0,1,0,1,0,0,-1,1,1,1,1,0,1,0,0,0,1,0,-1,0,0,1,0,0,1,0,0,0,1,0,1,1,0
Robert Aderholt,1,0,1,-1,0,0,0,0,0,1,0,1,-1,0,0,0,-1,0,-1,1,0,0,-1,1,1,0,0,0,0,1,1,0,0,0,1,0,0,0,1,0,0,0,1,0,-1,0
Tammy Baldwin,-1,0,0,1,1,0,0,0,0,-1,0,1,1,0,0,1,1,0,1,-1,0,0,1,1,1,0,0,0,1,1,-1,0,0,0,1,0,0,0,1,0,0,0,1,0,1,0
Gus Bilirakis,1,0,1,-1,-1,0,0,0,0,1,0,1,-1,0,0,-1,-1,0,-1,1,0,0,-1,0,0,0,0,0,0,1,1,0,0,0,1,0,0,0,-1,0,0,0,1,0,-1,0
Sanford Bishop,0,0,0,0,0,0,0,0,0,0,0,0,0,0,0,0,0,0,0,0,0,0,0,0,0,0,0,0,0,0,0,0,0,0,0,0,0,0,0,0,0,0,0,0,0,0
Earl Blumenauer,0,-1,0,0,0,0,0,0,0,0,-1,-1,1,0,1,0,1,0,1,0,1,1,1,1,0,1,0,0,0,0,0,-1,0,0,1,0,0,1,0,0,0,0,0,1,1,0
John Boozman,0,1,0,0,0,0,0,0,0,0,1,1,-1,0,1,0,0,0,0,0,0,-1,-1,0,0,0,0,0,0,0,0,1,0,0,0,0,0,0,0,0,0,0,0,1,0,0
Richard Blumenthal,0,-1,0,0,0,0,1,0,0,0,-1,1,1,0,1,0,1,0,1,-1,1,1,1,1,0,1,0,0,0,0,0,-1,0,0,1,0,0,1,0,0,0,1,0,1,1,0
Marsha Blackburn,1,0,1,-1,0,0,0,0,0,0,0,1,-1,0,0,0,-1,0,-1,1,0,0,-1,0,0,0,0,0,-1,1,1,0,0,0,1,0,0,0,1,0,0,0,1,0,-1,0
Vern Buchanan,1,0,1,-1,0,0,0,0,0,-1,0,1,-1,0,0,0,-1,0,-1,1,0,0,-1,0,0,0,0,0,0,1,1,0,0,0,1,0,0,0,0,0,0,0,1,0,-1,0
Larry Bucshon,0,0,0,0,0,0,0,0,0,0,0,0,0,0,0,0,0,0,0,0,0,0,0,0,0,0,0,0,0,0,0,0,0,0,0,0,0,0,0,0,0,0,0,0,0,0
Ken Calvert,1,0,1,-1,0,0,0,0,0,0,0,1,-1,0,0,1,-1,0,-1,0,0,0,-1,1,1,0,0,0,0,1,1,0,0,0,1,0,0,0,1,0,0,0,1,0,0,0
Michael Burgess,0,1,0,0,0,0,-1,0,0,0,0,1,-1,0,1,0,-1,0,-1,1,0,-1,-1,0,0,1,0,0,0,1,0,1,0,0,1,0,0,1,0,0,0,-1,0,1,-1,0
Shelley Capito,0,1,0,0,0,0,0,-1,0,0,0,1,1,1,1,0,0,-1,0,0,-1,-1,-1,0,0,0,1,0,0,0,0,1,1,0,0,0,0,0,0,0,0,0,0,1,0,0
AndrÃ© Carson,-1,0,-1,1,1,0,0,0,0,-1,0,1,1,0,0,1,1,0,1,-1,0,0,1,1,1,0,0,0,1,-1,-1,0,0,0,1,0,0,0,1,0,0,0,1,0,1,0
Judy Chu,-1,0,0,1,1,0,0,0,0,-1,0,-1,1,0,0,1,1,0,1,-1,0,0,1,1,1,0,0,0,1,0,-1,0,0,0,1,0,0,0,1,0,0,0,0,0,1,0
Bill Cassidy,0,1,0,0,0,-1,0,-1,0,0,0,1,1,1,1,0,0,-1,0,0,0,-1,-1,0,0,0,1,1,0,0,0,1,1,0,0,0,0,0,0,0,0,0,0,1,0,0
John Carter,1,0,1,-1,0,0,0,0,0,0,0,1,-1,0,0,0,-1,0,-1,1,0,0,-1,1,1,0,0,0,1,1,1,0,0,0,1,0,0,0,0,0,0,0,1,0,-1,0
Yvette Clarke,-1,0,-1,1,1,0,0,0,0,-1,0,-1,1,0,0,1,1,0,1,-1,0,0,1,1,1,0,0,0,1,-1,-1,0,0,0,1,0,0,0,1,0,0,0,1,0,1,0
Kathy Castor,-1,0,-1,0,1,0,0,0,0,-1,0,1,1,0,0,1,1,0,1,-1,0,0,1,1,1,0,0,0,1,-1,-1,0,0,0,1,0,0,0,1,0,0,0,1,0,1,0
Emanuel Cleaver,0,0,0,0,0,0,0,0,0,0,0,0,0,0,0,0,0,0,0,0,0,0,0,0,0,0,0,0,0,0,0,0,0,0,0,0,0,0,0,0,0,0,0,0,0,0
James Clyburn,-1,0,0,1,1,0,0,0,0,-1,0,1,1,0,0,1,1,0,1,-1,0,0,1,1,1,0,0,0,1,0,-1,0,0,0,1,0,0,0,1,0,0,0,0,0,1,0
Tom Cole,1,0,0,0,0,0,0,0,0,0,0,1,-1,0,0,0,-1,0,-1,-1,0,0,-1,0,0,0,0,0,-1,1,1,0,0,0,1,0,0,0,1,0,0,0,0,0,-1,0
Steve Cohen,-1,0,0,1,1,0,0,0,0,-1,0,-1,1,0,0,1,1,0,1,-1,0,0,1,1,1,0,0,0,1,-1,-1,0,0,0,1,0,0,0,1,0,0,0,1,0,1,0
Gerald Connolly,-1,0,0,0,1,0,0,0,0,-1,0,1,1,0,0,1,1,0,1,-1,0,0,1,0,0,0,0,0,1,-1,-1,0,0,0,1,0,0,0,1,0,0,0,0,0,1,0
Michael Crapo,0,1,0,0,0,0,0,0,0,0,0,1,-1,0,1,0,-1,0,0,1,-1,-1,-1,1,0,0,0,0,0,1,0,1,0,0,1,0,0,0,0,0,0,-1,0,1,0,0
Joe Courtney,-1,0,0,1,1,0,0,0,0,-1,0,1,1,0,0,1,1,0,1,-1,0,0,1,1,1,0,0,0,1,0,-1,0,0,0,1,0,0,0,1,0,0,0,1,0,1,0
Eric Crawford,0,0,0,0,0,0,0,0,0,0,0,0,0,0,0,0,0,0,0,0,0,0,0,0,0,0,0,0,0,0,0,0,0,0,0,0,0,0,0,0,0,0,0,0,0,0
Jim Costa,1,0,0,0,1,0,0,0,0,0,0,1,1,0,0,1,1,0,0,1,0,0,1,1,1,0,0,0,1,-1,-1,0,0,0,1,0,0,0,1,0,0,0,0,0,0,0
Henry Cuellar,0,0,0,0,1,0,0,0,0,-1,0,1,1,0,0,1,1,0,0,0,0,0,1,1,1,0,0,0,1,0,-1,0,0,0,1,0,0,0,1,0,0,0,1,0,0,0
Danny Davis,-1,0,-1,0,1,0,0,0,0,-1,0,-1,1,0,0,1,1,0,1,0,0,0,1,1,1,0,0,0,1,-1,-1,0,0,0,1,0,0,0,1,0,0,0,0,0,1,0
Diana DeGette,-1,0,-1,0,1,0,0,0,0,1,0,-1,1,0,0,1,1,0,0,0,0,0,1,1,1,0,0,0,1,0,-1,0,0,0,1,0,0,0,1,0,0,0,0,0,0,0
Rosa DeLauro,-1,0,0,1,1,0,0,0,0,-1,0,1,1,0,0,1,1,0,1,-1,0,0,1,1,1,0,0,0,1,-1,-1,0,0,0,1,0,0,0,1,0,0,0,1,0,1,0
Mario Diaz-Balart,1,0,1,-1,0,0,0,0,0,1,0,1,-1,0,0,0,-1,0,-1,1,0,0,-1,0,0,0,0,0,-1,1,0,0,0,0,1,0,0,0,1,0,0,0,1,0,-1,0
Scott DesJarlais,1,0,1,-1,-1,0,0,0,0,1,0,1,-1,0,0,0,-1,0,-1,1,0,0,-1,0,0,0,0,0,-1,1,1,0,0,0,1,0,0,0,1,0,0,0,1,0,-1,0
Lloyd Doggett,-1,0,-1,1,1,0,0,0,0,-1,0,-1,1,0,0,1,1,0,1,-1,0,0,1,1,1,0,0,0,1,-1,-1,0,0,0,1,0,0,0,1,0,0,0,1,0,1,0
Jeff Duncan,0,1,0,0,0,0,-1,0,0,0,1,0,-1,0,1,0,-1,0,0,1,-1,-1,-1,0,0,0,0,0,0,1,0,1,0,0,1,0,0,1,0,0,0,-1,0,1,0,0
Anna Eshoo,0,-1,0,0,0,0,1,0,0,0,-1,0,1,0,1,0,0,0,0,0,1,1,1,1,0,1,0,0,0,0,0,-1,0,0,1,0,0,1,0,0,0,-1,0,1,1,0
Charles Fleischmann,1,0,1,-1,-1,0,0,0,0,-1,0,1,-1,0,0,0,-1,0,-1,1,0,0,-1,0,0,0,0,0,0,1,1,0,0,0,1,0,0,0,1,0,0,0,1,0,0,0
Virginia Foxx,1,0,1,-1,0,0,0,0,0,1,0,1,-1,0,0,1,-1,0,-1,2,0,0,-1,0,0,0,0,0,0,1,1,0,0,0,1,0,0,0,1,0,0,0,1,0,0,0
John Garamendi,0,0,0,0,0,0,0,0,0,0,0,0,0,0,0,0,0,0,0,0,0,0,0,0,0,0,0,0,0,0,0,0,0,0,0,0,0,0,0,0,0,0,0,0,0,0
Paul Gosar,1,0,1,-1,0,0,0,0,0,1,0,1,-1,0,0,0,-1,0,-1,1,0,0,-1,0,0,0,0,0,0,1,1,0,0,0,-1,0,0,0,-1,0,0,0,1,0,-1,0
Kay Granger,0,1,0,0,0,0,-1,0,0,0,0,1,-1,0,1,0,-1,0,0,0,-1,-1,-1,0,0,0,0,0,0,1,0,1,0,0,1,0,0,1,0,0,0,-1,0,1,-1,0
Charles Grassley,0,1,0,0,0,0,-1,0,0,0,0,0,-1,0,1,0,-1,0,-1,1,0,0,-1,0,0,0,0,0,0,1,0,1,0,0,1,0,0,1,0,0,0,-1,0,1,-1,0
Sam Graves,1,0,1,-1,0,0,0,0,0,1,0,1,-1,0,0,0,-1,0,0,0,0,0,-1,1,1,0,0,0,-1,1,1,0,0,0,1,0,0,0,1,0,0,0,1,0,-1,0
Al Green,-1,0,-1,0,1,0,0,0,0,-1,0,0,1,0,0,1,1,0,0,0,0,0,1,1,1,0,0,0,1,-1,-1,0,0,0,1,0,0,0,1,0,0,0,0,0,1,0
H. Griffith,0,0,0,0,0,0,0,0,0,0,0,0,0,0,0,0,0,0,0,0,0,0,0,0,0,0,0,0,0,0,0,0,0,0,0,0,0,0,0,0,0,0,0,0,0,0
Brett Guthrie,1,0,1,-1,0,0,0,0,0,0,0,1,-1,0,0,0,-1,0,-1,0,0,0,-1,0,0,0,0,0,-1,1,1,0,0,0,1,0,0,0,1,0,0,0,1,0,-1,0
Andy Harris,0,0,0,0,0,0,0,0,0,0,0,0,0,0,0,0,-1,0,0,-1,0,0,-1,0,0,0,0,0,0,1,1,0,0,0,1,0,0,0,1,0,0,0,0,0,0,0
RaÃºl Grijalva,-1,0,-1,1,1,0,0,0,0,-1,0,0,1,0,0,1,1,0,1,-1,0,0,1,1,1,0,0,0,1,-1,-1,0,0,0,1,0,0,0,0,0,0,0,0,0,1,0
James Himes,-1,0,-1,1,1,0,0,0,0,-1,0,1,1,0,0,1,1,0,0,-1,0,0,1,1,1,0,0,0,1,0,-1,0,0,0,1,0,0,0,1,0,0,0,0,0,1,0
Mazie Hirono,-1,0,-1,1,1,0,0,0,0,-1,0,-1,1,0,0,1,1,0,1,-1,0,0,1,1,1,0,0,0,1,-1,-1,0,0,0,0,0,0,0,1,0,0,0,1,0,1,0
John Hoeven,0,1,0,0,0,0,0,0,0,0,0,1,1,0,1,0,-1,0,0,1,0,-1,-1,1,0,0,0,0,0,1,0,1,0,0,1,0,0,1,0,0,0,-1,0,1,-1,0
Martin Heinrich,-1,0,0,1,1,0,0,0,0,-1,0,1,1,0,0,1,1,0,1,-1,0,0,1,1,1,0,0,0,1,1,-1,0,0,0,1,0,0,0,1,0,0,0,1,0,1,0
Steny Hoyer,-1,0,0,0,0,0,0,0,0,0,0,0,1,0,0,1,0,0,1,1,0,0,1,0,0,0,0,0,1,0,-1,0,0,0,0,0,0,0,1,0,0,0,0,0,0,0
Ron Johnson,0,1,0,0,0,0,-1,0,0,0,0,1,-1,0,0,0,-1,0,-1,1,-1,-1,-1,-1,0,0,0,0,0,1,0,1,0,0,1,0,0,1,0,0,0,-1,0,1,0,0
Bill Huizenga,1,0,1,-1,0,0,0,0,0,0,0,1,-1,0,0,0,-1,0,-1,0,0,0,-1,1,1,0,0,0,0,1,1,0,0,0,1,0,0,0,0,0,0,0,1,0,-1,0
Jim Jordan,1,0,1,-1,0,0,0,0,0,1,0,1,-1,0,0,0,0,0,-1,1,0,0,-1,0,0,0,0,0,0,1,1,0,0,0,1,0,0,0,-1,0,0,0,1,0,0,0
Marcy Kaptur,-1,-1,-1,1,1,0,0,0,0,1,0,1,1,0,0,1,1,0,0,0,0,0,1,1,1,0,0,0,1,0,1,0,0,0,1,0,0,0,1,0,0,0,1,0,1,0
Henry Johnson,-1,0,-1,1,1,0,0,0,0,-1,0,0,1,0,0,1,1,0,1,-1,0,0,1,1,1,0,0,0,1,-1,-1,0,0,0,1,0,0,0,1,0,0,0,1,0,1,0
Mike Kelly,0,0,0,0,0,0,0,0,0,0,0,0,0,0,0,0,0,0,0,0,0,0,0,0,0,0,0,0,0,0,0,0,0,0,0,0,0,0,0,0,0,0,0,0,0,0
William Keating,-1,0,-1,1,1,0,0,0,0,-1,0,0,1,0,0,0,1,0,0,-1,0,0,1,1,1,0,0,0,1,-1,-1,0,0,0,1,0,0,0,1,0,0,0,1,0,1,0
James Lankford,0,1,0,0,0,0,1,0,0,0,0,1,0,0,1,0,-1,0,-1,1,0,-1,-1,0,0,1,0,0,0,1,0,1,0,0,1,0,0,1,0,0,0,-1,0,1,-1,0
Doug Lamborn,0,1,0,0,0,0,-1,0,0,0,1,1,-1,0,-1,0,-1,0,0,1,-1,-1,-1,1,0,0,0,0,0,1,0,1,0,0,1,0,0,1,0,0,0,-1,0,1,-1,0
Rick Larsen,-1,0,-1,1,1,0,0,0,0,-1,0,1,1,0,0,1,1,0,1,-1,0,0,1,1,1,0,0,0,1,-1,-1,0,0,0,1,0,0,0,1,0,0,0,-1,0,1,0
John Larson,-1,0,0,1,1,0,0,0,0,-1,0,1,1,0,0,1,1,0,1,-1,0,0,1,1,1,0,0,0,1,0,-1,0,0,0,1,0,0,0,1,0,0,0,0,0,1,0
Robert Latta,1,0,1,-1,-1,0,0,0,0,0,0,1,-1,0,0,0,-1,0,-1,1,0,0,-1,0,0,0,0,0,0,1,1,0,0,0,1,0,0,0,1,0,0,0,1,0,-1,0
Mike Lee,0,1,0,0,0,0,0,0,0,0,0,0,-1,0,0,0,-1,0,-1,1,-1,0,-1,1,0,1,0,0,0,1,0,1,0,0,1,0,0,0,0,0,0,-1,0,1,0,0
Barbara Lee,-1,0,-1,1,1,0,0,0,0,-1,0,-1,1,0,0,1,1,0,1,-1,0,0,1,1,1,0,0,0,1,0,-1,0,0,0,0,0,0,0,0,0,0,0,0,0,1,0
Zoe Lofgren,-1,0,0,1,1,0,0,0,0,-1,0,0,1,0,0,1,1,0,1,-1,0,0,1,1,1,0,0,0,1,-1,-1,0,0,0,1,0,0,0,1,0,0,0,0,0,1,0
Blaine Luetkemeyer,0,1,0,0,0,0,0,0,0,0,0,1,1,0,1,0,-1,0,-1,1,0,-1,-1,0,0,0,0,0,0,1,0,1,0,0,1,0,0,0,0,0,0,-1,0,1,0,0
Frank Lucas,1,0,0,0,0,0,0,0,0,0,0,1,0,0,0,0,-1,0,0,-2,0,0,-1,1,1,0,0,0,0,1,1,0,0,0,1,0,0,0,0,0,0,0,0,0,0,0
Ben LujÃ¡n,0,-1,0,0,0,1,0,1,0,0,-1,0,1,-1,1,0,0,1,0,0,1,1,1,0,0,0,-1,1,0,0,0,-1,-1,0,0,0,1,0,0,0,0,0,0,1,1,0
Edward Markey,0,-1,0,0,0,1,0,1,0,0,-1,-1,1,-1,1,0,0,1,0,0,1,1,1,0,0,0,-1,1,0,0,0,-1,-1,0,0,0,1,0,0,0,0,0,0,0,1,0
Stephen Lynch,-1,0,1,0,1,0,0,0,0,-1,0,1,1,0,0,1,1,0,0,-1,0,0,1,1,1,0,0,0,1,-1,-1,0,0,0,1,0,0,0,1,0,0,0,1,0,1,0
Doris Matsui,-1,0,0,0,1,0,0,0,0,-1,0,0,1,0,0,1,1,0,1,-1,0,0,1,1,1,0,0,0,1,0,-1,0,0,0,1,0,0,0,1,0,0,0,0,0,1,0
Tom McClintock,1,0,1,-1,-1,0,0,0,0,1,0,0,0,0,0,-1,-1,0,-1,3,0,0,-1,-1,-1,0,0,0,-1,1,1,0,0,0,1,0,0,0,-1,0,0,0,0,0,-1,0
Michael McCaul,1,0,1,-1,0,0,0,0,0,1,0,1,-1,0,0,1,-1,0,-1,1,0,0,-1,1,1,0,0,0,0,1,1,0,0,0,1,0,0,0,1,0,0,0,1,0,0,0
James McGovern,0,0,0,0,0,0,0,0,0,0,0,0,0,0,0,0,0,0,0,0,0,0,0,0,0,0,0,0,0,0,0,0,0,0,0,0,0,0,0,0,0,0,0,0,0,0
Betty McCollum,-1,0,-1,1,1,0,0,0,0,1,0,1,1,0,0,1,1,0,1,-1,0,0,1,1,1,0,0,0,1,-1,-1,0,0,0,1,0,0,0,1,0,0,0,0,0,1,0
Patrick McHenry,0,1,0,0,0,0,-1,0,0,0,0,1,0,0,1,0,-1,0,-1,0,1,-1,-1,0,0,0,0,0,0,1,0,1,0,0,1,0,0,0,0,0,0,-1,0,1,-1,0
Cathy McMorris Rodgers,0,1,0,0,0,0,-1,0,0,0,0,1,-1,0,1,0,-1,0,-1,0,-1,-1,-1,0,0,1,0,0,0,1,0,1,0,0,1,0,0,0,0,0,0,-1,0,1,0,0
Gwen Moore,-1,0,-1,1,1,0,0,0,0,-1,0,-1,1,0,0,1,1,0,1,-1,0,0,1,1,1,0,0,0,1,0,-1,0,0,0,1,0,0,0,1,0,0,0,0,0,1,0
Gregory Meeks,-1,0,-1,1,1,0,0,0,0,-1,0,1,1,0,0,1,1,0,1,-1,0,0,1,1,1,0,0,0,1,-1,-1,0,0,0,1,0,0,0,1,0,0,0,0,0,1,0
Jerry Moran,0,1,0,0,0,0,-1,0,0,0,0,1,0,0,1,0,-1,0,0,0,-1,0,-1,1,0,0,0,0,0,1,0,0,0,0,1,0,0,0,0,0,0,0,0,0,0,0
Lisa Murkowski,0,0,0,0,0,0,0,0,0,0,0,1,1,0,1,0,1,0,-1,0,1,1,-1,1,0,1,0,0,0,1,0,0,0,0,1,0,0,1,0,0,0,1,0,1,0,0
Patty Murray,0,-1,0,0,0,0,0,0,0,0,-1,0,1,0,1,0,1,0,1,-1,1,1,1,1,0,1,0,0,0,-1,0,-1,0,0,0,0,0,1,0,0,0,1,0,1,0,0
Christopher Murphy,-1,0,-1,1,1,0,0,0,0,-1,0,1,1,0,0,1,1,0,1,-1,0,0,1,1,1,0,0,0,1,1,-1,0,0,0,1,0,0,0,1,0,0,0,1,0,1,0
Jerrold Nadler,0,0,0,0,0,0,0,0,0,0,0,0,0,0,0,0,0,0,0,0,0,0,0,0,0,0,0,0,0,0,0,0,0,0,0,0,0,0,0,0,0,0,0,0,0,0
Grace Napolitano,0,-1,0,0,0,0,1,0,0,0,-1,1,1,0,1,0,1,0,1,0,1,1,1,1,0,1,0,0,0,0,0,-1,0,0,0,0,0,1,0,0,0,-1,0,-1,1,0
Eleanor Norton,-1,0,0,0,1,0,0,0,0,-1,0,0,1,0,0,1,1,0,1,-1,0,0,1,1,1,0,0,0,1,0,-1,0,0,0,1,0,0,0,1,0,0,0,0,0,1,0
Frank Pallone,-1,0,-1,0,1,0,0,0,0,-1,0,0,1,0,0,1,1,0,1,-1,0,0,1,1,1,0,0,0,1,-1,-1,0,0,0,1,0,0,0,1,0,0,0,1,0,1,0
Richard Neal,-1,0,-1,1,1,0,0,0,0,-1,0,0,1,0,0,1,1,0,0,-1,0,0,1,1,1,0,0,0,1,-1,-1,0,0,0,1,0,0,0,1,0,0,0,0,0,1,0
Rand Paul,0,1,0,0,0,0,0,0,0,0,0,-1,-1,0,0,0,-1,0,0,0,-1,-1,-1,-1,0,0,0,0,0,1,0,1,0,0,-1,0,0,-1,0,0,0,-1,0,1,0,0
Nancy Pelosi,-1,0,0,0,1,0,0,0,0,1,0,0,1,0,0,1,1,0,1,0,0,0,1,1,1,0,0,0,1,0,-1,0,0,0,1,0,0,0,1,0,0,0,0,0,1,0
Bill Posey,0,1,0,0,0,0,0,0,0,0,1,1,0,0,1,0,-1,0,0,0,-1,-1,0,0,0,0,0,0,0,1,0,1,0,0,0,0,0,0,0,0,0,-1,0,1,0,0
Gary Peters,0,-1,0,0,0,1,0,1,0,0,0,0,1,-1,1,0,0,0,0,0,1,1,0,0,0,0,-1,1,0,0,0,-1,0,0,0,0,1,0,0,0,0,0,0,1,1,0
Mike Quigley,-1,0,-1,1,1,0,0,0,0,-1,0,0,1,0,0,1,1,0,1,-1,0,0,1,1,1,0,0,0,1,1,-1,0,0,0,1,0,0,0,1,0,0,0,1,0,1,0
Chellie Pingree,-1,0,0,1,1,0,0,0,0,-1,0,1,1,0,0,1,1,0,1,-1,0,0,1,1,1,0,0,0,1,-1,-1,0,0,0,1,0,0,0,1,0,0,0,1,0,1,0
Mike Rogers,-1,0,0,0,0,0,0,0,0,0,0,0,0,0,0,1,0,0,0,0,0,0,1,0,0,0,0,0,1,0,0,0,0,0,1,0,0,0,1,0,0,0,0,0,0,0
C. Ruppersberger,0,0,0,0,0,0,0,0,0,0,0,0,0,0,0,0,0,0,0,0,0,0,0,0,0,0,0,0,0,0,0,0,0,0,0,0,0,0,0,0,0,0,0,0,0,0
Gregorio Sablan,0,0,0,0,0,0,0,0,0,0,0,0,0,0,0,0,0,0,0,0,0,0,0,0,0,0,0,0,0,0,0,0,0,0,0,0,0,0,0,0,0,0,0,0,0,0
Marco Rubio,0,1,0,0,0,0,0,0,0,0,0,1,0,0,1,0,-1,0,-1,0,-1,-1,-1,0,0,0,0,0,0,1,0,1,0,0,1,0,0,1,0,0,0,-1,0,1,0,0
Harold Rogers,1,0,1,-1,-1,0,0,0,0,1,0,1,-1,0,0,0,-1,0,0,1,0,0,-1,1,1,0,0,0,-1,1,1,0,0,0,1,0,0,0,1,0,0,0,1,0,-1,0
John Sarbanes,0,-1,0,0,0,0,1,0,0,0,-1,1,1,0,1,0,1,0,1,0,1,1,1,1,0,1,0,0,0,0,0,-1,0,0,1,0,0,0,0,0,0,0,0,-1,1,0
Steve Scalise,0,0,0,0,0,0,0,0,0,0,0,0,0,0,0,0,0,0,0,0,0,0,0,0,0,0,0,0,0,0,0,0,0,0,0,0,0,0,0,0,0,0,0,0,0,0
Charles Schumer,0,-1,0,0,0,0,1,0,0,0,-1,0,1,0,1,0,1,0,1,-1,1,1,1,1,0,1,0,0,0,0,0,-1,0,0,1,0,0,1,0,0,0,1,0,0,1,0
Adam Schiff,-1,0,0,0,1,0,0,0,0,-1,0,1,1,0,0,1,1,0,1,1,0,0,1,1,1,0,0,0,1,-1,-1,0,0,0,1,0,0,0,1,0,0,0,0,0,1,0
Janice Schakowsky,-1,0,-1,1,1,0,0,0,0,-1,0,-1,1,0,0,1,1,0,1,-1,0,0,1,1,1,0,0,0,1,-1,-1,0,0,0,1,0,0,0,1,0,0,0,1,0,1,0
David Scott,-1,0,0,1,1,0,0,0,0,-1,0,1,1,0,0,1,1,0,0,-1,0,0,1,1,1,0,0,0,1,0,-1,0,0,0,1,0,0,0,1,0,0,0,1,0,1,0
David Schweikert,1,0,1,-1,0,0,0,0,0,0,0,1,-1,0,0,0,-1,0,-1,1,0,0,-1,1,1,0,0,0,-1,1,1,0,0,0,1,0,0,0,1,0,0,0,-1,0,-1,0
Robert Scott,0,0,0,0,0,0,0,0,0,0,0,0,0,0,0,0,0,0,0,0,0,0,0,0,0,0,0,0,0,0,0,0,0,0,0,0,0,0,0,0,0,0,0,0,0,0
Austin Scott,1,0,1,-1,1,0,0,0,0,1,0,1,-1,0,0,0,-1,0,-1,1,0,0,-1,0,0,0,0,0,0,1,0,0,0,0,1,0,0,0,1,0,0,0,1,0,-1,0
Tim Scott,0,0,0,0,0,0,0,0,0,0,0,0,0,0,0,0,0,0,0,0,0,0,0,0,0,0,0,0,0,0,0,0,0,0,0,0,0,0,0,0,0,0,0,0,0,0
Brad Sherman,-1,0,-1,1,1,0,0,0,0,-1,0,0,1,0,0,1,1,0,0,-1,0,0,1,1,1,0,0,0,1,0,-1,0,0,0,1,0,0,0,1,0,0,0,1,0,1,0
Adam Smith,-1,0,0,1,1,0,0,0,0,0,0,-1,1,0,0,1,1,0,1,0,0,0,1,1,1,0,0,0,1,-1,-1,0,0,0,0,0,0,0,1,0,0,0,0,0,1,0
Terri Sewell,-1,0,-1,1,1,0,0,0,0,-1,0,1,1,0,0,1,1,0,1,-1,0,0,1,1,1,0,0,0,1,1,-1,0,0,0,1,0,0,0,1,0,0,0,1,0,1,0
Michael Simpson,0,0,0,0,0,0,0,0,0,0,0,0,0,0,0,0,0,0,0,0,0,0,0,0,0,0,0,0,0,0,0,0,0,0,0,0,0,0,0,0,0,0,0,0,0,0
Adrian Smith,1,0,1,-1,-1,0,0,0,0,0,0,1,-1,0,0,0,-1,0,-1,0,0,0,-1,0,0,0,0,0,-1,1,1,0,0,0,1,0,0,0,1,0,0,0,0,0,0,0
Christopher Smith,0,0,0,0,0,0,0,0,0,0,0,0,0,0,0,0,0,0,0,0,0,0,0,0,0,0,0,0,0,0,0,0,0,0,0,0,0,0,0,0,0,0,0,0,0,0
Mike Thompson,0,0,0,0,0,0,0,0,0,0,0,0,0,0,0,0,0,0,0,0,0,0,0,0,0,0,0,0,0,0,0,0,0,0,0,0,0,0,0,0,0,0,0,0,0,0
Bennie Thompson,-1,0,0,0,1,0,0,0,0,-1,0,1,1,0,0,0,0,0,1,0,0,0,1,0,0,0,0,0,1,-1,0,0,0,0,0,0,0,0,1,0,0,0,0,0,0,0
Linda SÃ¡nchez,-1,0,-1,1,1,0,0,0,0,-1,0,1,1,0,0,1,1,0,1,-1,0,0,1,1,1,0,0,0,1,1,-1,0,0,0,1,0,0,0,1,0,0,0,0,0,1,0
Glenn Thompson,1,0,1,-1,1,0,0,0,0,0,0,1,0,0,0,0,0,0,-1,2,0,0,-1,0,0,0,0,0,0,1,1,0,0,0,1,0,0,0,1,0,0,0,1,0,-1,0
John Thune,0,1,0,0,0,0,0,0,0,0,1,1,-1,0,1,0,-1,0,-1,1,0,-1,-1,0,0,0,0,0,0,1,0,1,0,0,0,0,0,1,0,0,0,-1,0,1,-1,0
Paul Tonko,-1,0,0,1,1,0,0,0,0,-1,0,0,1,0,0,1,1,0,1,-1,0,0,1,1,1,0,0,0,1,-1,-1,0,0,0,1,0,0,0,1,0,0,0,1,0,1,0
Nydia VelÃ¡zquez,-1,0,-1,1,1,0,0,0,0,-1,0,-1,1,0,0,1,1,0,1,-1,0,0,1,1,1,0,0,0,1,-1,-1,0,0,0,1,0,0,0,1,0,0,0,1,0,1,0
Michael Turner,0,0,0,0,0,0,0,0,0,0,0,0,0,0,0,0,0,0,0,0,0,0,0,0,0,0,0,0,0,0,0,0,0,0,0,0,0,0,0,0,0,0,0,0,0,0
Chris Van Hollen,0,-1,0,0,0,0,1,0,0,0,-1,1,1,0,1,0,1,0,1,0,1,1,1,1,0,1,0,0,0,1,0,-1,0,0,1,0,0,1,0,0,0,1,0,1,1,0
Tim Walberg,1,0,1,-1,0,0,0,0,0,0,0,1,-1,0,0,0,-1,0,-1,0,0,0,-1,1,1,0,0,0,0,1,1,0,0,0,1,0,0,0,0,0,0,0,1,0,-1,0
Maxine Waters,-1,0,-1,1,1,0,0,0,0,-1,0,1,1,0,0,1,1,0,1,-1,0,0,1,1,1,0,0,0,1,-1,1,0,0,0,1,0,0,0,1,0,0,0,1,0,1,0
Peter Welch,0,-1,0,0,0,0,1,0,0,0,-1,0,1,0,1,0,1,0,1,0,1,1,1,1,0,1,0,0,0,0,0,-1,0,0,1,0,0,1,0,0,0,-1,0,1,1,0
Daniel Webster,1,0,1,-1,-1,0,0,0,0,1,0,1,-1,0,0,0,-1,0,-1,1,0,0,-1,0,0,0,0,0,-1,1,1,0,0,0,1,0,0,0,0,0,0,0,1,0,-1,0
Debbie Wasserman Schultz,-1,0,0,1,1,0,0,0,0,-1,0,0,1,0,0,1,1,0,1,-1,0,0,1,1,1,0,0,0,1,-1,-1,0,0,0,1,0,0,0,1,0,0,0,1,0,1,0
Steve Womack,0,0,0,0,0,0,0,0,0,0,0,0,0,0,0,0,0,0,0,0,0,0,0,0,0,0,0,0,0,0,0,0,0,0,0,0,0,0,0,0,0,0,0,0,0,0
Joe Wilson,1,0,1,-1,0,0,0,0,0,1,0,1,-1,0,0,0,-1,0,0,1,0,0,-1,0,0,0,0,0,-1,1,1,0,0,0,1,0,0,0,1,0,0,0,1,0,-1,0
Robert Wittman,1,0,1,-1,1,0,0,0,0,1,0,1,-1,0,0,-1,0,0,-1,1,0,0,-1,1,1,0,0,0,-1,1,1,0,0,0,1,0,0,0,-1,0,0,0,1,0,-1,0
Frederica Wilson,-1,0,0,1,1,0,0,0,0,-1,0,0,1,0,0,1,1,0,1,-1,0,0,1,1,1,0,0,0,1,-1,-1,0,0,0,1,0,0,0,1,0,0,0,1,0,1,0
Ron Wyden,0,-1,0,0,0,0,1,0,0,0,-1,-1,1,0,1,0,1,0,1,0,1,1,1,1,0,1,0,0,0,0,0,-1,0,0,1,0,0,0,0,0,0,1,0,1,1,0
Suzan DelBene,-1,0,-1,1,1,0,0,0,0,-1,0,0,1,0,0,1,1,0,1,-1,0,0,1,1,1,0,0,0,1,-1,-1,0,0,0,0,0,0,0,1,0,0,0,1,0,1,0
Todd Young,0,1,0,0,0,0,0,0,0,0,1,1,0,0,1,0,-1,0,-1,1,0,-1,-1,1,0,1,0,0,0,1,0,1,0,0,1,0,0,1,0,0,0,-1,0,1,0,0
Suzanne Bonamici,-1,0,-1,1,1,0,0,0,0,-1,0,-1,1,0,0,1,1,0,1,1,0,0,1,1,1,0,0,0,1,0,-1,0,0,0,1,0,0,0,1,0,0,0,0,0,1,0
Mark Amodei,1,0,1,-1,-1,0,0,0,0,1,0,1,-1,0,0,0,-1,0,-1,0,0,0,-1,1,1,0,0,0,0,1,0,0,0,0,1,0,0,0,1,0,0,0,1,0,-1,0
Thomas Massie,1,0,1,-1,0,0,0,0,0,1,0,-1,-1,0,0,-1,-1,0,-1,-1,0,0,-1,0,0,0,0,0,0,1,1,0,0,0,-1,0,0,0,-1,0,0,0,0,0,-1,0
Bill Foster,0,0,0,0,0,0,0,0,0,0,0,0,0,0,0,0,0,0,0,0,0,0,0,0,0,0,0,0,0,0,0,0,0,0,0,0,0,0,0,0,0,0,0,0,0,0
Brian Schatz,0,-1,0,0,0,0,1,0,0,0,-1,0,1,0,1,0,1,0,1,-1,1,1,1,1,0,1,0,0,0,-1,0,-1,0,0,1,0,0,1,0,0,0,1,0,1,1,0
Tom Cotton,0,1,0,0,0,0,0,-1,0,0,0,1,1,1,1,0,0,-1,0,0,0,-1,-1,0,0,0,1,1,0,0,0,1,1,0,0,0,0,0,0,0,0,0,0,0,0,0
Kyrsten Sinema,0,-1,0,0,0,0,0,1,-1,0,0,0,1,-1,0,0,0,1,0,2,0,0,1,0,0,0,-1,0,0,0,0,-1,-1,1,0,1,0,0,0,-1,0,0,0,0,1,1
Dina Titus,-1,0,0,1,1,0,0,0,0,-1,0,1,1,0,0,1,1,0,1,-1,0,0,1,1,1,0,0,0,1,0,-1,0,0,0,1,0,0,0,1,0,0,0,1,0,1,0
Doug LaMalfa,1,0,1,-1,0,0,0,0,0,1,0,1,-1,0,0,0,-1,0,-1,0,0,0,-1,0,0,0,0,0,0,1,1,0,0,0,1,0,0,0,1,0,0,0,1,0,-1,0
Ami Bera,-1,0,0,1,1,0,0,0,0,-1,0,1,1,0,0,1,1,0,1,-1,0,0,1,1,1,0,0,0,1,-1,-1,0,0,0,1,0,0,0,1,0,0,0,0,0,1,0
Jared Huffman,-1,0,-1,1,1,0,0,0,0,-1,0,-1,1,0,0,1,1,0,1,-1,0,0,1,1,1,0,0,0,1,-1,0,0,0,0,1,0,0,0,1,0,0,0,0,0,1,0
Eric Swalwell,-1,0,0,1,1,0,0,0,0,-1,0,0,1,0,0,1,1,0,1,-1,0,0,1,1,1,0,0,0,1,0,-1,0,0,0,1,0,0,0,1,0,0,0,0,0,1,0
Julia Brownley,-1,0,0,1,1,0,0,0,0,-1,0,1,1,0,0,1,1,0,1,-1,0,0,1,1,1,0,0,0,1,0,1,0,0,0,1,0,0,0,1,0,0,0,0,0,1,0
Raul Ruiz,-1,0,-1,0,1,0,0,0,0,-1,0,0,1,0,0,1,1,0,1,-1,0,0,1,1,1,0,0,0,1,0,-1,0,0,0,1,0,0,0,1,0,0,0,0,0,1,0
Mark Takano,-1,0,-1,1,1,0,0,0,0,-1,0,-1,1,0,0,1,1,0,1,-1,0,0,1,1,1,0,0,0,1,-1,-1,0,0,0,1,0,0,0,1,0,0,0,0,0,1,0
Tony CÃ¡rdenas,0,-1,0,0,0,0,1,0,0,0,-1,1,1,0,1,0,1,0,1,0,1,1,1,1,0,1,0,0,0,0,0,-1,0,0,1,0,0,0,0,0,0,0,0,1,0,0
Scott Peters,0,0,0,0,0,0,0,0,0,0,0,0,0,0,0,0,0,0,0,0,0,0,0,0,0,0,0,0,0,0,0,0,0,0,0,0,0,0,0,0,0,0,0,0,0,0
Juan Vargas,-1,0,0,0,1,0,0,0,0,-1,0,1,1,0,0,1,1,0,1,0,0,0,1,1,1,0,0,0,1,-1,-1,0,0,0,1,0,0,0,1,0,0,0,0,0,0,0
Tammy Duckworth,0,-1,0,0,0,0,1,0,0,0,-1,0,1,0,1,0,1,0,1,-1,1,1,1,1,0,1,0,0,0,-1,0,-1,0,0,1,0,0,1,0,0,0,1,0,1,1,0
Lois Frankel,-1,0,0,1,1,0,0,0,0,-1,0,-1,1,0,0,1,1,0,1,-1,0,0,1,1,1,0,0,0,1,-1,-1,0,0,0,1,0,0,0,1,0,0,0,0,0,1,0
Elizabeth Warren,0,0,0,0,0,0,0,0,0,0,0,0,0,0,0,0,0,0,0,0,0,0,0,0,0,0,0,0,0,0,0,0,0,0,0,0,0,0,0,0,0,0,0,0,0,0
Garland Barr,0,0,0,0,0,0,0,0,0,0,0,0,0,0,0,0,0,0,0,0,0,0,0,0,0,0,0,0,0,0,0,0,0,0,0,0,0,0,0,0,0,0,0,0,0,0
Angus King,-1,0,-1,1,1,0,0,0,0,-1,0,1,1,0,0,1,1,0,0,0,0,0,1,1,1,0,0,0,1,1,-1,0,0,0,1,0,0,0,1,0,0,0,1,0,1,0
Daniel T. Kildee,0,-1,0,0,0,0,1,0,0,0,-1,0,1,0,1,0,0,0,0,0,1,1,1,0,0,0,0,0,0,0,0,-1,0,0,0,0,0,0,0,0,0,0,0,1,1,0
Steve Daines,0,1,0,0,0,0,0,1,0,0,0,1,1,1,1,0,0,-1,0,0,-1,-1,-1,0,0,0,1,1,0,0,0,1,1,0,0,0,1,0,0,0,0,0,0,1,0,0
Ann Wagner,1,0,1,-1,0,0,0,0,0,1,0,1,-1,0,0,0,-1,0,-1,0,0,0,-1,1,1,0,0,0,0,1,1,0,0,0,1,0,0,0,1,0,0,0,1,0,-1,0
Richard Hudson,1,0,1,-1,0,0,0,0,0,1,0,1,-1,0,0,1,-1,0,-1,1,0,0,-1,0,0,0,0,0,-1,1,1,0,0,0,1,0,0,0,1,0,0,0,1,0,0,0
Kevin Cramer,1,0,1,-1,-1,0,0,0,0,1,0,1,-1,0,0,1,-1,0,-1,0,0,0,-1,0,0,0,0,0,0,1,1,0,0,0,1,0,0,0,1,0,0,0,0,0,-1,0
Ann M. Kuster,0,0,0,0,0,0,1,0,0,0,-1,1,1,0,1,0,1,0,0,-1,1,1,1,1,0,1,0,0,0,0,0,-1,0,0,1,0,0,1,0,0,0,0,0,1,1,0
Deb Fischer,1,0,1,-1,0,0,0,0,0,0,0,1,-1,0,0,1,-1,0,-1,0,0,0,0,1,1,0,0,0,0,1,1,0,0,0,0,0,0,0,-1,0,0,0,1,0,0,0
Grace Meng,-1,0,-1,1,1,0,0,0,0,-1,0,-1,1,0,0,1,1,0,1,-1,0,0,1,1,1,0,0,0,1,-1,-1,0,0,0,1,0,0,0,1,0,0,0,0,0,1,0
Hakeem S. Jeffries,-1,0,0,1,1,0,0,0,0,-1,0,-1,1,0,0,1,1,0,1,-1,0,0,1,1,1,0,0,0,1,0,-1,0,0,0,1,0,0,0,1,0,0,0,1,0,1,0
Brad R. Wenstrup,0,0,0,0,0,0,0,0,0,0,0,1,-1,0,1,0,-1,0,0,0,0,-1,-1,0,0,-1,0,0,0,1,0,1,0,0,1,0,0,1,0,0,0,-1,0,1,-1,0
David P. Joyce,1,0,1,-1,0,0,0,0,0,0,0,1,-1,0,0,1,-1,0,-1,1,0,0,0,1,1,0,0,0,0,1,1,0,0,0,1,0,0,0,1,0,0,0,1,0,0,0
Joyce Beatty,-1,0,-1,1,1,0,0,0,0,-1,0,1,1,0,0,1,1,0,1,-1,0,0,1,1,1,0,0,0,1,-1,-1,0,0,0,1,0,0,0,1,0,0,0,1,0,1,0
Markwayne Mullin,0,1,0,0,0,0,0,-1,0,0,1,1,0,1,1,0,0,-1,0,0,0,-1,-1,0,0,0,1,0,0,0,0,1,1,0,0,0,0,0,0,0,0,0,0,1,-1,0
Scott Perry,1,0,1,-1,0,0,0,0,0,0,0,1,-1,0,0,0,-1,0,-1,1,0,0,-1,0,0,0,0,0,-1,1,1,0,0,0,1,0,0,0,-1,0,0,0,0,0,-1,0
Matt Cartwright,-1,0,0,1,1,0,0,0,0,-1,0,1,1,0,0,1,1,0,0,-1,0,0,1,1,1,0,0,0,1,-1,-1,0,0,0,1,0,0,0,1,0,0,0,1,0,1,0
Ted Cruz,1,0,1,-1,-1,0,0,0,0,1,0,1,-1,0,0,0,-1,0,-1,1,0,0,-1,0,0,0,0,0,0,1,1,0,0,0,1,0,0,0,0,0,0,0,1,0,-1,0
Joaquin Castro,-1,0,-1,1,1,0,0,0,0,-1,0,0,1,0,0,1,1,0,1,-1,0,0,1,1,1,0,0,0,1,1,-1,0,0,0,1,0,0,0,1,0,0,0,0,0,1,0
"Randy K. Weber, Sr.",1,0,1,-1,0,0,0,0,0,1,0,1,-1,0,0,0,-1,0,-1,2,0,0,-1,0,0,0,0,0,-1,1,1,0,0,0,1,0,0,0,-1,0,0,0,1,0,0,0
Marc A. Veasey,-1,0,0,1,1,0,0,0,0,-1,0,1,1,0,0,1,1,0,1,2,0,0,1,1,1,0,0,0,1,-1,1,0,0,0,1,0,0,0,1,0,0,0,1,0,1,0
Roger Williams,1,0,1,-1,-1,0,0,0,0,1,0,1,-1,0,0,1,-1,0,-1,1,0,0,-1,0,0,0,0,0,0,1,1,0,0,0,1,0,0,0,-1,0,0,0,0,0,-1,0
Derek Kilmer,0,-1,0,0,0,0,1,0,0,0,-1,0,1,0,1,0,1,0,0,-1,1,1,1,1,0,1,0,0,0,-1,0,-1,0,0,1,0,0,0,0,0,0,1,0,1,1,0
Tim Kaine,-1,0,0,1,1,0,0,0,0,-1,0,1,1,0,0,1,1,0,1,-1,0,0,1,1,1,0,0,0,1,1,-1,0,0,0,1,0,0,0,1,0,0,0,0,0,1,0
Mark Pocan,-1,0,0,1,1,0,0,0,0,-1,0,-1,1,0,0,1,1,0,1,-1,0,0,1,1,1,0,0,0,1,-1,-1,0,0,0,1,0,0,0,1,0,0,0,1,0,1,0
Cory A. Booker,0,-1,0,0,0,1,0,1,0,0,0,1,1,-1,0,0,0,1,0,2,0,0,1,0,0,0,-1,0,0,0,0,-1,-1,0,0,0,1,0,0,0,0,0,0,-1,1,1
Robin L. Kelly,-1,0,-1,1,1,0,0,0,0,-1,0,0,1,0,0,1,1,0,1,0,0,0,1,1,1,0,0,0,1,-1,-1,0,0,0,1,0,0,0,1,0,0,0,1,0,1,0
Jason Smith,0,0,0,0,0,0,0,0,0,0,0,0,0,0,0,0,0,0,0,0,0,0,0,0,0,0,0,0,0,0,0,0,0,0,0,0,0,0,0,0,0,0,0,0,0,0
Katherine M. Clark,-1,0,-1,1,1,0,0,0,0,-1,0,0,1,0,0,1,1,0,1,1,0,0,1,1,1,0,0,0,1,-1,-1,0,0,0,1,0,0,0,1,0,0,0,0,0,1,0
Donald Norcross,-1,0,0,1,1,0,0,0,0,-1,0,1,1,0,0,1,1,0,0,-1,0,0,1,1,1,0,0,0,1,-1,-1,0,0,0,1,0,0,0,1,0,0,0,1,0,-1,0
Alma S. Adams,-1,0,-1,1,1,0,0,0,0,-1,0,-1,1,0,0,1,1,0,1,-1,0,0,1,1,1,0,0,0,1,-1,-1,0,0,0,1,0,0,0,1,0,0,0,1,0,1,0
Gary J. Palmer,1,0,1,-1,-1,0,0,0,0,1,0,1,-1,0,0,0,-1,0,-1,1,0,0,-1,0,0,0,0,0,0,1,1,0,0,0,1,0,0,0,0,0,0,0,1,0,0,0
J. French Hill,0,0,0,0,0,0,0,0,0,0,0,0,0,0,0,0,0,0,0,0,0,0,0,0,0,0,0,0,0,0,0,0,0,0,0,0,0,0,0,0,0,0,0,0,0,0
Bruce Westerman,0,0,0,0,0,0,0,0,0,0,0,0,0,0,0,0,0,0,0,0,0,0,0,0,0,0,0,0,0,0,0,0,0,0,0,0,0,0,0,0,0,0,0,0,0,0
Ruben Gallego,-1,0,-1,1,1,0,0,0,0,-1,0,-1,1,0,0,1,1,0,1,-1,0,0,1,1,1,0,0,0,1,0,-1,0,0,0,1,0,0,0,1,0,0,0,0,0,1,0
Pete Aguilar,-1,0,-1,1,1,0,0,0,0,-1,0,1,1,0,0,1,1,0,1,-1,0,0,1,1,1,0,0,0,1,1,-1,0,0,0,1,0,0,0,1,0,0,0,0,0,1,0
Mark DeSaulnier,-1,0,0,1,1,0,0,0,0,-1,0,-1,1,0,0,1,1,0,1,-1,0,0,1,1,1,0,0,0,1,0,-1,0,0,0,1,0,0,0,1,0,0,0,1,0,1,0
Ted Lieu,-1,0,-1,1,1,0,0,0,0,-1,0,1,1,0,0,1,1,0,0,-1,0,0,1,1,1,0,0,0,1,1,-1,0,0,0,1,0,0,0,1,0,0,0,-1,0,1,0
Norma J. Torres,-1,0,-1,1,1,0,0,0,0,-1,0,0,1,0,0,1,1,0,1,-1,0,0,1,1,1,0,0,0,1,0,-1,0,0,0,1,0,0,0,1,0,0,0,0,0,1,0
Rick W. Allen,1,0,1,-1,1,0,0,0,0,1,0,1,-1,0,0,0,0,0,-1,1,0,0,-1,0,0,0,0,0,-1,1,1,0,0,0,1,0,0,0,-1,0,0,0,1,0,0,0
"Earl L. ""Buddy"" Carter",1,0,1,-1,0,0,0,0,0,0,0,1,-1,0,0,0,-1,0,-1,2,0,0,-1,0,0,0,0,0,0,1,1,0,0,0,1,0,0,0,0,0,0,0,1,0,0,0
Barry Loudermilk,1,0,1,-1,0,0,0,0,0,1,0,1,-1,0,0,-1,-1,0,-1,1,0,0,-1,-1,-1,0,0,0,-1,1,1,0,0,0,1,0,0,0,0,0,0,0,1,0,-1,0
Mike Bost,1,0,1,0,0,0,0,0,0,0,0,1,-1,0,0,0,0,0,-1,0,0,0,-1,0,0,0,0,0,0,1,1,0,0,0,1,0,0,0,-1,0,0,0,1,0,-1,0
Garret Graves,0,0,0,0,0,0,0,0,0,0,0,1,0,0,1,0,0,0,0,0,-1,-1,-1,0,0,0,0,0,0,0,0,1,0,0,0,0,0,0,0,0,0,0,0,1,0,0
Seth Moulton,0,0,0,0,0,0,0,0,0,0,0,0,0,0,0,0,0,0,0,0,0,0,0,0,0,0,0,0,0,0,0,0,0,0,0,0,0,0,0,0,0,0,0,0,0,0
Debbie Dingell,-1,0,0,0,1,0,0,0,0,-1,0,0,1,0,0,1,1,0,1,-1,0,0,1,1,1,0,0,0,1,-1,-1,0,0,0,1,0,0,0,1,0,0,0,1,0,1,0
Tom Emmer,1,0,1,0,0,0,0,0,0,1,0,1,-1,0,0,0,-1,0,-1,1,0,0,-1,0,0,0,0,0,-1,1,1,0,0,0,1,0,0,0,1,0,0,0,1,0,-1,0
John R. Moolenaar,1,0,1,-1,0,0,0,0,0,0,0,1,-1,0,0,0,-1,0,0,1,0,0,-1,1,1,0,0,0,0,1,1,0,0,0,1,0,0,0,-1,0,0,0,1,0,-1,0
David Rouzer,1,0,1,-1,-1,0,0,0,0,1,0,1,-1,0,0,1,-1,0,-1,0,0,0,-1,0,0,0,0,0,0,1,1,0,0,0,1,0,0,0,1,0,0,0,1,0,-1,0
Bonnie Watson Coleman,0,0,0,0,0,0,0,0,0,0,0,0,0,0,0,0,0,0,0,0,0,0,0,0,0,0,0,0,0,0,0,0,0,0,0,0,0,0,0,0,0,0,0,0,0,0
Elise M. Stefanik,1,0,0,0,0,0,0,0,0,1,0,1,-1,0,0,0,-1,0,-1,1,0,0,-1,1,1,0,0,0,0,1,1,0,0,0,1,0,0,0,0,0,0,0,1,0,0,0
Brendan F. Boyle,-1,0,-1,1,1,0,0,0,0,-1,0,1,1,0,0,1,1,0,1,-1,0,0,1,1,1,0,0,0,1,-1,-1,0,0,0,1,0,0,0,1,0,0,0,0,0,1,0
"Donald S. Beyer, Jr.",-1,0,0,1,1,0,0,0,0,-1,0,1,1,0,0,1,1,0,1,-1,0,0,1,1,1,0,0,0,1,-1,-1,0,0,0,1,0,0,0,1,0,0,0,1,0,1,0
Stacey E. Plaskett,0,0,0,0,0,0,0,0,0,0,0,0,0,0,0,0,0,0,0,0,0,0,0,0,0,0,0,0,0,0,0,0,0,0,0,0,0,0,0,0,0,0,0,0,0,0
Brian Babin,1,0,1,-1,0,0,0,0,0,1,0,1,-1,0,0,0,-1,0,-1,1,0,0,-1,0,0,0,0,0,0,1,1,0,0,0,1,0,0,0,0,0,0,0,1,0,-1,0
Dan Newhouse,1,0,1,-1,-1,0,0,0,0,1,0,1,-1,0,0,0,-1,0,-1,0,0,0,-1,0,0,0,0,0,-1,1,0,0,0,0,1,0,0,0,1,0,0,0,1,0,-1,0
Glenn Grothman,1,0,1,-1,0,0,0,0,0,1,0,1,-1,0,0,0,-1,0,-1,1,0,0,-1,0,0,0,0,0,0,1,1,0,0,0,1,0,0,0,-1,0,0,0,1,0,-1,0
Aumua Amata Coleman Radewagen,0,0,0,0,0,0,0,0,0,0,0,0,0,0,0,0,0,0,0,0,0,0,0,0,0,0,0,0,0,0,0,0,0,0,0,0,0,0,0,0,0,0,0,0,0,0
Dan Sullivan,0,1,0,0,0,0,0,-1,0,0,0,1,1,1,1,0,0,-1,0,0,0,-1,-1,0,0,0,1,1,0,0,0,-1,1,0,0,0,-1,0,0,0,0,0,0,1,0,0
Alexander X. Mooney,1,0,1,-1,0,0,0,0,0,1,0,1,-1,0,0,0,-1,0,-1,0,0,0,-1,0,0,0,0,0,-1,1,1,0,0,0,1,0,0,0,-1,0,0,0,0,0,0,0
Joni Ernst,0,1,0,0,0,0,0,-1,0,0,0,1,1,1,1,0,0,-1,0,0,-1,-1,-1,0,0,0,1,1,0,0,0,1,1,0,0,0,0,0,0,0,0,0,0,1,0,0
Thom Tillis,0,1,0,0,0,0,0,-1,0,0,0,1,1,1,1,0,0,-1,0,0,1,-1,-1,0,0,0,1,1,0,0,0,-1,1,0,0,0,0,0,0,0,0,0,0,1,0,0
Darin LaHood,1,0,0,0,0,0,0,0,0,1,0,1,-1,0,0,0,-1,0,-1,0,0,0,-1,0,0,0,0,0,0,1,1,0,0,0,1,0,0,0,0,0,0,0,1,0,0,0
Trent Kelly,1,0,1,0,-1,0,0,0,0,0,0,1,-1,0,0,0,0,0,0,0,0,0,-1,1,1,0,0,0,1,1,0,0,0,0,1,0,0,0,-1,0,0,0,0,0,0,0
Mike Rounds,0,1,0,0,0,-1,0,-1,0,0,0,1,1,1,1,0,0,-1,0,0,1,-1,-1,0,0,0,1,1,0,0,0,0,1,0,0,0,0,0,0,0,0,0,0,1,0,0
Warren Davidson,1,0,1,-1,-1,0,0,0,0,0,0,0,-1,0,0,0,-1,0,-1,1,0,0,-1,0,0,0,0,0,-1,1,1,0,0,0,0,0,0,0,-1,0,0,0,1,0,0,0
James Comer,1,0,1,-1,0,0,0,0,0,1,0,1,-1,0,0,-1,-1,0,-1,1,0,0,-1,0,0,0,0,0,-1,1,1,0,0,0,1,0,0,0,-1,0,0,0,1,0,-1,0
John Kennedy,0,0,0,0,0,0,0,0,0,0,0,1,-1,0,1,0,0,0,0,0,0,-1,-1,0,0,0,0,0,0,0,0,1,0,0,0,0,0,0,0,0,0,0,0,1,0,0
Dwight Evans,-1,0,-1,1,1,0,0,0,0,-1,0,1,1,0,0,1,1,0,1,-1,0,0,1,1,1,0,0,0,1,-1,-1,0,0,0,1,0,0,0,1,0,0,0,0,0,1,0
Margaret Wood Hassan,0,0,0,0,0,0,0,0,0,0,0,0,0,0,0,0,0,0,0,0,0,0,0,0,0,0,0,0,0,0,0,0,0,0,0,0,0,0,0,0,0,0,0,0,0,0
Catherine Cortez Masto,0,-1,0,0,0,0,1,0,0,0,0,1,1,0,1,0,0,0,0,0,1,1,1,0,0,0,0,0,0,0,0,-1,0,0,0,0,0,0,0,0,0,0,0,1,1,0
Ro Khanna,-1,0,0,1,1,0,0,0,0,-1,0,-1,1,0,0,1,1,0,1,-1,0,0,1,1,1,0,0,0,1,0,-1,0,0,0,1,0,0,0,1,0,0,0,1,0,1,0
Jimmy Panetta,-1,0,0,1,1,0,0,0,0,-1,0,1,1,0,0,1,1,0,0,1,0,0,1,1,1,0,0,0,1,0,-1,0,0,0,1,0,0,0,1,0,0,0,0,0,1,0
Bradley Scott Schneider,-1,0,-1,1,1,0,0,0,0,-1,0,0,1,0,0,1,1,0,1,-1,0,0,1,1,1,0,0,0,1,1,-1,0,0,0,1,0,0,0,1,0,0,0,1,0,1,0
Andy Biggs,1,0,1,-1,-1,0,0,0,0,0,0,0,-1,0,0,-1,-1,0,-1,1,0,0,-1,0,0,0,0,0,-1,1,1,0,0,0,1,0,0,0,-1,0,0,0,1,0,0,0
Salud O. Carbajal,-1,0,-1,1,1,0,0,0,0,-1,0,1,1,0,0,1,1,0,1,-1,0,0,1,1,1,0,0,0,1,0,-1,0,0,0,1,0,0,0,1,0,0,0,0,0,1,0
J. Luis Correa,-1,0,-1,1,1,0,0,0,0,-1,0,1,1,0,0,1,1,0,1,-1,0,0,1,1,1,0,0,0,1,-1,-1,0,0,0,1,0,0,0,1,0,0,0,0,0,1,0
Nanette Diaz BarragÃ¡n,0,0,0,0,0,0,0,0,0,0,0,0,0,0,0,0,0,0,0,0,0,0,0,0,0,0,0,0,0,0,0,0,0,0,0,0,0,0,0,0,0,0,0,0,0,0
Lisa Blunt Rochester,-1,0,-1,1,1,0,0,0,0,-1,0,1,1,0,0,1,1,0,1,-1,0,0,1,1,1,0,0,0,1,-1,1,0,0,0,1,0,0,0,1,0,0,0,1,0,1,0
Matt Gaetz,1,0,1,-1,-1,0,0,0,0,-1,0,1,-1,0,0,0,-1,0,0,2,0,0,-1,0,0,0,0,0,-1,1,1,0,0,0,1,0,0,0,-1,0,0,0,1,0,-1,0
Neal P. Dunn,1,0,1,0,-1,0,0,0,0,0,0,1,-1,0,0,0,-1,0,-1,1,0,0,-1,0,0,0,0,0,0,1,1,0,0,0,1,0,0,0,1,0,0,0,1,0,-1,0
Brian J. Mast,1,0,1,-1,0,0,0,0,0,0,0,1,-1,0,0,-1,-1,0,-1,1,0,0,-1,0,0,0,0,0,-1,1,1,0,0,0,1,0,0,0,-1,0,0,0,1,0,0,0
John H. Rutherford,1,0,1,0,-1,0,0,0,0,1,0,-1,-1,0,0,1,-1,0,-1,-2,0,0,-1,0,0,0,0,0,0,1,1,0,0,0,1,0,0,0,1,0,0,0,1,0,0,0
Darren Soto,-1,0,-1,1,1,0,0,0,0,-1,0,1,1,0,0,1,1,0,1,-1,0,0,1,1,1,0,0,0,1,-1,-1,0,0,0,1,0,0,0,1,0,0,0,1,0,1,0
A. Drew Ferguson IV,0,1,0,0,0,0,0,0,0,0,0,1,1,0,1,0,-1,0,-1,0,0,-1,-1,0,0,0,0,0,0,1,0,1,0,0,1,0,0,0,0,0,0,-1,0,1,-1,0
Raja Krishnamoorthi,-1,0,-1,1,1,0,0,0,0,-1,0,1,1,0,0,1,1,0,1,-1,0,0,1,1,1,0,0,0,1,0,-1,0,0,0,1,0,0,0,1,0,0,0,1,0,1,0
Clay Higgins,0,0,0,0,0,0,0,0,0,0,0,0,0,0,0,0,0,0,0,0,0,0,0,0,0,0,0,0,0,0,0,0,0,0,0,0,0,0,0,0,0,0,0,0,0,0
Jim Banks,1,0,1,0,-1,0,0,0,0,1,0,1,-1,0,0,0,-1,0,-1,1,0,0,-1,0,0,0,0,0,0,1,1,0,0,0,0,0,0,0,-1,0,0,0,1,0,-1,0
Roger Marshall,0,1,0,0,0,0,0,-1,0,0,1,1,0,0,1,0,0,0,0,0,0,-1,-1,0,0,0,0,1,0,0,0,0,1,0,0,0,0,0,0,0,0,0,0,0,0,0
Mike Johnson,0,0,0,0,0,0,0,0,0,0,0,0,0,0,0,0,0,0,0,0,0,0,0,0,0,0,0,0,0,0,0,0,0,0,0,0,0,0,0,0,0,0,0,0,0,0
Jamie Raskin,-1,0,0,0,0,0,0,0,0,1,0,-1,1,0,0,1,1,0,1,-1,0,0,1,1,1,0,0,0,1,-1,-1,0,0,0,1,0,0,0,1,0,0,0,0,0,1,0
Ted Budd,0,1,0,0,0,0,0,0,0,0,1,1,-1,0,1,0,-1,0,-1,1,-1,-1,-1,0,0,0,0,0,0,1,0,1,0,0,1,0,0,1,0,0,0,-1,0,1,-1,0
Jack Bergman,1,0,1,-1,0,0,0,0,0,1,0,1,-1,0,0,0,0,0,-1,0,0,0,-1,1,1,0,0,0,0,1,1,0,0,0,1,0,0,0,0,0,0,0,1,0,0,0
Don Bacon,1,0,1,-1,-1,0,0,0,0,1,0,1,-1,0,0,1,-1,0,-1,2,0,0,-1,1,1,0,0,0,1,1,0,0,0,0,1,0,0,0,1,0,0,0,1,0,-1,0
Josh Gottheimer,-1,0,0,0,1,0,0,0,0,-1,0,1,1,0,0,0,1,0,0,-1,0,0,1,1,1,0,0,0,1,0,-1,0,0,0,1,0,0,0,1,0,0,0,1,0,1,0
Jacky Rosen,-1,0,-1,1,1,0,0,0,0,0,0,0,1,0,0,1,1,0,0,-1,0,0,1,1,1,0,0,0,1,0,-1,0,0,0,0,0,0,0,1,0,0,0,0,0,1,0
Adriano Espaillat,-1,0,1,1,1,0,0,0,0,-1,0,-1,1,0,0,1,1,0,1,-1,0,0,1,1,1,0,0,0,1,-1,-1,0,0,0,1,0,0,0,1,0,0,0,1,0,1,0
Lloyd Smucker,1,0,1,-1,0,0,0,0,0,1,0,1,-1,0,0,0,-1,0,-1,0,0,0,-1,0,0,0,0,0,0,1,1,0,0,0,1,0,0,0,1,0,0,0,1,0,-1,0
Brian K. Fitzpatrick,0,0,1,-1,1,0,0,0,0,1,0,1,1,0,0,1,-1,0,0,2,0,0,1,0,0,0,0,0,1,1,-1,0,0,0,1,0,0,0,1,0,0,0,1,0,-1,0
Jenniffer GonzÃ¡lez-ColÃ³n,0,0,0,0,0,0,0,0,0,0,0,0,0,0,0,0,0,0,0,0,0,0,0,0,0,0,0,0,0,0,0,0,0,0,0,0,0,0,0,0,0,0,0,0,0,0
David Kustoff,1,0,1,-1,0,0,0,0,0,1,0,1,-1,0,0,0,-1,0,-1,1,0,0,-1,0,0,0,0,0,0,1,1,0,0,0,1,0,0,0,1,0,0,0,1,0,-1,0
Vicente Gonzalez,-1,0,0,0,1,0,0,0,0,-1,0,1,1,0,0,1,1,0,1,1,0,0,1,1,1,0,0,0,1,0,-1,0,0,0,1,0,0,0,1,0,0,0,1,0,1,0
Pramila Jayapal,-1,0,0,1,1,0,0,0,0,-1,0,-1,1,0,0,1,1,0,1,-1,0,0,1,1,1,0,0,0,1,-1,-1,0,0,0,0,0,0,0,0,0,0,0,0,0,1,0
Jodey C. Arrington,1,0,1,-1,0,0,0,0,0,1,0,1,-1,0,0,0,-1,0,-1,1,0,0,-1,0,0,0,0,0,0,1,1,0,0,0,1,0,0,0,-1,0,0,0,1,0,0,0
Ron Estes,1,0,1,-1,0,0,0,0,0,1,0,1,-1,0,0,0,-1,0,-1,0,0,0,-1,0,0,0,0,0,0,1,1,0,0,0,1,0,0,0,-1,0,0,0,1,0,-1,0
Jimmy Gomez,-1,0,-1,1,1,0,0,0,0,-1,0,-1,1,0,0,1,1,0,1,-1,0,0,1,1,1,0,0,0,1,-1,-1,0,0,0,1,0,0,0,1,0,0,0,1,0,1,0
Ralph Norman,1,0,1,-1,-1,0,0,0,0,0,0,-1,-1,0,0,-1,-1,0,-1,1,0,0,-1,0,0,0,0,0,-1,1,1,0,0,0,0,0,0,0,-1,0,0,0,1,0,-1,0
Tina Smith,0,0,0,0,0,0,0,0,0,0,0,0,0,0,0,0,0,0,0,0,0,0,0,0,0,0,0,0,0,0,0,0,0,0,0,0,0,0,0,0,0,0,0,0,0,0
John R. Curtis,1,0,1,0,0,0,0,0,0,0,0,1,-1,0,0,0,-1,0,0,0,0,0,-1,0,0,0,0,0,0,1,1,0,0,0,1,0,0,0,0,0,0,0,1,0,-1,0
Debbie Lesko,0,1,0,0,0,0,0,0,0,0,1,0,-1,0,1,0,-1,0,-1,1,0,-1,-1,0,0,0,0,0,0,1,0,1,0,0,1,0,0,0,0,0,0,-1,0,1,0,0
Cindy Hyde-Smith,0,1,0,0,0,0,0,-1,0,0,0,1,1,1,1,0,0,-1,0,0,0,-1,-1,0,0,0,1,1,0,0,0,0,1,0,0,0,0,0,0,0,0,0,0,1,0,0
Michael Cloud,1,0,1,-1,-1,0,0,0,0,1,0,1,-1,0,0,0,-1,0,-1,1,0,0,-1,0,0,0,0,0,0,1,1,0,0,0,1,0,0,0,-1,0,0,0,1,0,-1,0
Troy Balderson,1,0,1,-1,-1,0,0,0,0,0,0,1,-1,0,0,0,-1,0,-1,0,0,0,0,1,1,0,0,0,-1,1,1,0,0,0,1,0,0,0,1,0,0,0,1,0,-1,0
Kevin Hern,1,0,0,0,0,0,0,0,0,0,0,1,-1,0,0,0,-1,0,-1,1,0,0,-1,-1,-1,0,0,0,0,1,1,0,0,0,1,0,0,0,0,0,0,0,1,0,0,0
Joseph D. Morelle,-1,0,0,0,1,0,0,0,0,-1,0,1,1,0,0,1,1,0,0,-1,0,0,1,1,1,0,0,0,1,-1,-1,0,0,0,1,0,0,0,1,0,0,0,1,0,1,0
Mary Gay Scanlon,-1,0,-1,1,1,0,0,0,0,-1,0,1,1,0,0,1,1,0,1,-1,0,0,1,1,1,0,0,0,1,0,-1,0,0,0,1,0,0,0,1,0,0,0,0,0,1,0
Susan Wild,-1,0,-1,1,1,0,0,0,0,-1,0,1,1,0,0,1,1,0,1,-1,0,0,1,1,1,0,0,0,1,0,-1,0,0,0,1,0,0,0,1,0,0,0,1,0,1,0
Ed Case,-1,0,0,0,1,0,0,0,0,-1,0,1,1,0,0,1,1,0,1,-1,0,0,1,1,1,0,0,0,1,0,-1,0,0,0,1,0,0,0,1,0,0,0,1,0,1,0
Steven Horsford,-1,0,0,0,1,0,0,0,0,-1,0,0,1,0,0,1,1,0,1,1,0,0,1,1,1,0,0,0,1,0,-1,0,0,0,1,0,0,0,1,0,0,0,0,0,1,0
Katie Porter,-1,0,0,0,1,0,0,0,0,-1,0,-1,1,0,0,1,1,0,1,1,0,0,1,1,1,0,0,0,1,-1,-1,0,0,0,1,0,0,0,1,0,0,0,0,0,1,0
Greg Stanton,-1,0,0,0,1,0,0,0,0,0,0,0,1,0,0,1,1,0,1,1,0,0,1,1,1,0,0,0,1,0,0,0,0,0,1,0,0,0,1,0,0,0,1,0,0,0
Josh Harder,1,0,0,1,1,0,0,0,0,-1,0,0,1,0,0,1,1,0,0,-1,0,0,1,1,1,0,0,0,1,0,-1,0,0,0,1,0,0,0,1,0,0,0,0,0,1,0
Mike Levin,-1,0,0,0,1,0,0,0,0,-1,0,1,1,0,0,1,1,0,0,-1,0,0,1,1,1,0,0,0,1,1,-1,0,0,0,1,0,0,0,1,0,0,0,0,0,1,0
Joe Neguse,-1,0,0,1,1,0,0,0,0,-1,0,0,1,0,0,1,1,0,1,-1,0,0,1,1,1,0,0,0,1,-1,-1,0,0,0,1,0,0,0,1,0,0,0,1,0,1,0
Jason Crow,-1,0,1,0,1,0,0,0,0,1,0,1,1,0,0,1,1,0,1,-1,0,0,1,1,1,0,0,0,1,0,-1,0,0,0,1,0,0,0,1,0,0,0,1,0,1,0
Jahana Hayes,-1,0,0,1,1,0,0,0,0,-1,0,1,1,0,0,1,1,0,1,-1,0,0,1,1,1,0,0,0,1,0,-1,0,0,0,1,0,0,0,1,0,0,0,0,0,1,0
Michael Waltz,1,0,1,-1,-1,0,0,0,0,1,0,1,-1,0,0,0,-1,0,-1,1,0,0,-1,0,0,0,0,0,-1,1,1,0,0,0,1,0,0,0,0,0,0,0,1,0,-1,0
W. Gregory Steube,1,0,1,0,-1,0,0,0,0,1,0,1,-1,0,0,-1,-1,0,-1,-1,0,0,-1,0,0,0,0,0,0,1,1,0,0,0,1,0,0,0,-1,0,0,0,1,0,-1,0
Lucy McBath,-1,0,1,0,1,0,0,0,0,-1,0,1,1,0,0,1,1,0,1,-1,0,0,1,1,1,0,0,0,1,-1,-1,0,0,0,1,0,0,0,1,0,0,0,1,0,1,0
Russ Fulcher,1,0,1,-1,0,0,0,0,0,1,0,1,-1,0,0,0,-1,0,-1,1,0,0,-1,0,0,0,0,0,0,1,1,0,0,0,1,0,0,0,-1,0,0,0,1,0,-1,0
"JesÃºs G. ""Chuy"" GarcÃ­a",-1,0,-1,1,1,0,0,0,0,-1,0,-1,1,0,0,1,1,0,1,-1,0,0,1,1,1,0,0,0,1,-1,-1,0,0,0,0,0,0,0,1,0,0,0,1,0,1,0
James R. Baird,1,0,1,0,-1,0,0,0,0,0,0,1,-1,0,0,0,-1,0,-1,0,0,0,-1,0,0,0,0,0,0,1,1,0,0,0,1,0,0,0,1,0,0,0,1,0,-1,0
Sean Casten,-1,0,-1,1,1,0,0,0,0,-1,0,1,1,0,0,1,1,0,1,-1,0,0,1,1,1,0,0,0,1,0,-1,0,0,0,1,0,0,0,1,0,0,0,1,0,1,0
Lauren Underwood,-1,0,0,0,1,0,0,0,0,-1,0,0,1,0,0,0,1,0,1,1,0,0,1,1,1,0,0,0,1,-1,-1,0,0,0,0,0,0,0,1,0,0,0,1,0,1,0
Greg Pence,0,1,0,0,0,0,0,0,0,0,1,0,-1,0,1,0,-1,0,-1,1,-1,-1,-1,1,0,0,0,0,0,1,0,1,0,0,1,0,0,1,0,0,0,1,0,1,-1,0
Ayanna Pressley,-1,0,-1,1,1,0,0,0,0,-1,0,-1,1,0,0,1,1,0,1,0,0,0,1,1,1,0,0,0,1,-1,-1,0,0,0,0,0,0,0,0,0,0,0,1,0,1,0
Sharice Davids,-1,0,0,1,1,0,0,0,0,-1,0,1,1,0,0,1,1,0,0,0,0,0,1,1,1,0,0,0,1,0,-1,0,0,0,1,0,0,0,1,0,0,0,1,0,1,0
David J. Trone,-1,0,0,0,1,0,0,0,0,-1,0,0,1,0,0,1,1,0,1,1,0,0,1,1,1,0,0,0,1,-1,-1,0,0,0,0,0,0,0,1,0,0,0,0,0,1,0
Lori Trahan,-1,0,-1,1,1,0,0,0,0,-1,0,0,1,0,0,1,1,0,1,0,0,0,1,1,1,0,0,0,1,-1,-1,0,0,0,1,0,0,0,1,0,0,0,1,0,1,0
Elissa Slotkin,-1,0,0,0,1,0,0,0,0,-1,0,1,1,0,0,1,1,0,0,0,0,0,1,1,1,0,0,0,1,1,1,0,0,0,1,0,0,0,1,0,0,0,1,0,1,0
Rashida Tlaib,-1,0,-1,1,1,0,0,0,0,-1,0,-1,1,0,0,1,1,0,1,-1,0,0,1,1,1,0,0,0,1,-1,-1,0,0,0,1,0,0,0,1,0,0,0,0,0,1,0
Angie Craig,-1,0,-1,0,1,0,0,0,0,0,0,1,1,0,0,1,1,0,0,-1,0,0,1,1,1,0,0,0,1,1,-1,0,0,0,1,0,0,0,1,0,0,0,1,0,1,0
Haley M. Stevens,0,0,0,0,0,0,0,0,0,0,0,0,0,0,0,0,0,0,0,0,0,0,0,0,0,0,0,0,0,0,0,0,0,0,0,0,0,0,0,0,0,0,0,0,0,0
Dean Phillips,1,0,1,0,1,0,0,0,0,-1,0,0,0,0,0,1,1,0,1,1,0,0,1,1,1,0,0,0,1,-1,-1,0,0,0,0,0,0,0,1,0,0,0,1,0,1,0
Ilhan Omar,-1,0,-1,1,1,0,0,0,0,-1,0,-1,1,0,0,1,1,0,1,-1,0,0,1,1,1,0,0,0,1,-1,-1,0,0,0,0,0,0,0,1,0,0,0,-1,0,1,0
Pete Stauber,0,0,1,-1,0,0,0,0,0,-1,0,0,-1,0,0,-1,-1,0,-1,1,0,0,-1,1,1,0,0,0,-1,1,1,0,0,0,1,0,0,0,-1,0,0,0,1,0,-1,0
Michael Guest,1,0,1,0,-1,0,0,0,0,1,0,0,0,0,0,0,1,0,0,0,0,0,-1,0,0,0,0,0,0,1,1,0,0,0,1,0,0,0,-1,0,0,0,0,0,-1,0
Chris Pappas,-1,0,-1,1,1,0,0,0,0,-1,0,0,1,0,0,1,1,0,1,-1,0,0,1,1,1,0,0,0,1,-1,-1,0,0,0,1,0,0,0,1,0,0,0,1,0,1,0
Kelly Armstrong,0,0,0,0,0,0,0,0,0,0,0,0,0,0,0,0,0,0,0,0,0,0,0,0,0,0,0,0,0,0,0,0,0,0,0,0,0,0,0,0,0,0,0,0,0,0
Mikie Sherrill,1,0,1,0,1,0,0,0,0,-1,0,0,1,0,0,1,1,0,0,-1,0,0,1,1,1,0,0,0,1,0,-1,0,0,0,1,0,0,0,1,0,0,0,1,0,1,0
Jefferson Van Drew,1,0,1,0,0,0,0,0,0,1,0,0,-1,0,0,-1,-1,0,-1,1,0,0,0,0,0,0,0,0,0,1,1,0,0,0,1,0,0,0,-1,0,0,0,0,0,-1,0
Andy Kim,-1,0,0,0,1,0,0,0,0,-1,0,1,1,0,0,1,1,0,1,0,0,0,1,1,1,0,0,0,1,0,-1,0,0,0,1,0,0,0,1,0,0,0,0,0,1,0
Susie Lee,-1,0,0,1,1,0,0,0,0,-1,0,1,1,0,0,1,1,0,1,-1,0,0,1,1,1,0,0,0,1,0,-1,0,0,0,1,0,0,0,1,0,0,0,1,0,1,0
Alexandria Ocasio-Cortez,-1,0,0,1,1,0,0,0,0,-1,0,-1,1,0,0,1,1,0,1,-1,0,0,1,1,1,0,0,0,1,-1,-1,0,0,0,1,0,0,0,1,0,0,0,0,0,1,0
Madeleine Dean,0,0,0,0,0,0,0,0,0,0,0,0,0,0,0,0,0,0,0,0,0,0,0,0,0,0,0,0,0,0,0,0,0,0,0,0,0,0,0,0,0,0,0,0,0,0
Chrissy Houlahan,-1,0,0,0,1,0,0,0,0,-1,0,1,1,0,0,1,1,0,0,-1,0,0,1,1,1,0,0,0,1,0,-1,0,0,0,1,0,0,0,1,0,0,0,0,0,1,0
Guy Reschenthaler,1,0,1,0,0,0,0,0,0,0,0,1,-1,0,0,-1,-1,0,-1,1,0,0,-1,0,0,0,0,0,0,1,1,0,0,0,1,0,0,0,1,0,0,0,1,0,-1,0
John Joyce,1,0,1,-1,0,0,0,0,0,0,0,1,-1,0,0,0,-1,0,-1,1,0,0,-1,0,0,0,0,0,0,1,1,0,0,0,1,0,0,0,0,0,0,0,1,0,-1,0
Daniel Meuser,1,0,1,0,0,0,0,0,0,1,0,1,0,0,0,0,1,0,-1,2,0,0,-1,0,0,0,0,0,0,1,1,0,0,0,1,0,0,0,1,0,0,0,1,0,0,0
Dusty Johnson,1,0,1,-1,0,0,0,0,0,1,0,1,-1,0,0,0,-1,0,-1,0,0,0,-1,1,1,0,0,0,0,1,1,0,0,0,1,0,0,0,1,0,0,0,1,0,0,0
William R. Timmons IV,1,0,1,-1,0,0,0,0,0,1,0,1,-1,0,0,0,-1,0,-1,0,0,0,-1,0,0,0,0,0,-1,1,1,0,0,0,1,0,0,0,0,0,0,0,1,0,-1,0
Mark E. Green,0,0,0,0,0,0,0,0,0,0,0,0,0,0,0,0,0,0,0,0,0,0,0,0,0,0,0,0,0,0,0,0,0,0,0,0,0,0,0,0,0,0,0,0,0,0
Tim Burchett,1,0,1,-1,-1,0,0,0,0,1,0,0,-1,0,0,0,-1,0,-1,1,0,0,-1,0,0,0,0,0,-1,1,1,0,0,0,1,0,0,0,-1,0,0,0,1,0,-1,0
John W. Rose,1,0,1,-1,-1,0,0,0,0,1,0,1,-1,0,0,0,-1,0,-1,1,0,0,-1,0,0,0,0,0,0,1,1,0,0,0,1,0,0,0,0,0,0,0,1,0,-1,0
Dan Crenshaw,1,0,1,-1,-1,0,0,0,0,0,0,1,-1,0,0,0,-1,0,-1,1,0,0,-1,1,1,0,0,0,-1,1,1,0,0,0,1,0,0,0,1,0,0,0,1,0,1,0
Lizzie Fletcher,-1,0,-1,0,1,0,0,0,0,-1,0,1,1,0,0,1,1,0,0,1,0,0,1,1,1,0,0,0,1,1,-1,0,0,0,1,0,0,0,1,0,0,0,1,0,1,0
Lance Gooden,1,0,1,-1,0,0,0,0,0,1,0,1,-1,0,0,0,-1,0,-1,1,0,0,-1,0,0,0,0,0,0,1,1,0,0,0,1,0,0,0,0,0,0,0,1,0,0,0
Chip Roy,1,0,1,-1,-1,0,0,0,0,1,0,0,-1,0,0,-1,-1,0,-1,1,0,0,-1,-1,-1,0,0,0,0,1,1,0,0,0,1,0,0,0,-1,0,0,0,1,0,-1,0
Veronica Escobar,-1,0,-1,1,1,0,0,0,0,-1,0,0,1,0,0,1,1,0,1,-1,0,0,1,1,1,0,0,0,1,0,-1,0,0,0,1,0,0,0,1,0,0,0,1,0,1,0
Colin Z. Allred,-1,0,0,0,1,0,0,0,0,-1,0,1,1,0,0,1,1,0,1,1,0,0,1,1,1,0,0,0,1,1,-1,0,0,0,1,0,0,0,1,0,0,0,1,0,1,0
Sylvia R. Garcia,-1,0,-1,1,1,0,0,0,0,-1,0,1,1,0,0,1,1,0,1,-1,0,0,1,1,1,0,0,0,1,-1,-1,0,0,0,1,0,0,0,1,0,0,0,1,0,1,0
Abigail Davis Spanberger,0,-1,0,0,0,0,1,0,0,0,-1,1,1,0,1,0,1,0,0,0,1,1,1,1,0,1,0,0,0,1,0,-1,0,0,1,0,0,1,0,0,0,0,0,1,1,0
Ben Cline,1,0,1,-1,0,0,0,0,0,1,0,1,-1,0,0,0,-1,0,-1,1,0,0,-1,0,0,0,0,0,0,1,1,0,0,0,1,0,0,0,-1,0,0,0,1,0,-1,0
Jennifer Wexton,0,-1,0,0,0,0,1,0,0,0,-1,1,1,0,1,0,1,0,0,0,1,1,1,1,0,1,0,0,0,1,0,-1,0,0,1,0,0,1,0,0,0,-1,0,1,1,0
Kim Schrier,-1,0,-1,0,1,0,0,0,0,0,0,0,1,0,0,1,1,0,0,-1,0,0,1,1,1,0,0,0,1,0,-1,0,0,0,1,0,0,0,1,0,0,0,1,0,1,0
Bryan Steil,1,0,1,-1,0,0,0,0,0,1,0,1,-1,0,0,0,-1,0,-1,1,0,0,-1,1,1,0,0,0,0,1,1,0,0,0,1,0,0,0,0,0,0,0,1,0,-1,0
Carol D. Miller,1,0,1,-1,0,0,0,0,0,1,0,1,-1,0,0,0,-1,0,-1,1,0,0,-1,1,1,0,0,0,0,1,1,0,0,0,1,0,0,0,-1,0,0,0,1,0,-1,0
Mike Braun,0,0,0,0,0,0,0,0,0,0,0,0,0,0,0,0,0,0,0,0,0,0,0,0,0,0,0,0,0,0,0,0,0,0,0,0,0,0,0,0,0,0,0,0,0,0
Mitt Romney,0,1,0,0,0,0,0,-1,0,0,0,0,-1,1,0,0,0,-1,0,1,0,0,-1,0,0,0,1,0,0,0,0,1,0,0,0,0,0,0,0,0,0,0,0,0,0,1
Rick Scott,1,0,1,-1,0,0,0,0,0,1,0,1,-1,0,0,1,-1,0,-1,1,0,0,-1,0,0,0,0,0,1,1,1,0,0,0,1,0,0,0,-1,0,0,0,1,0,0,0
Josh Hawley,1,0,1,0,0,0,0,0,0,1,0,-1,-1,0,0,0,-1,0,0,1,0,0,-1,1,1,0,0,0,1,1,1,0,0,0,1,0,0,0,-1,0,0,0,1,0,0,0
Jared F. Golden,-1,0,-1,1,1,0,0,0,0,1,0,1,1,0,0,0,1,0,-1,1,0,0,-1,1,1,0,0,0,1,0,-1,0,0,0,1,0,0,0,1,0,0,0,1,0,1,0
Gregory F. Murphy,1,0,1,-1,-1,0,0,0,0,1,0,1,-1,0,0,0,-1,0,-1,1,0,0,-1,0,0,0,0,0,0,1,1,0,0,0,1,0,0,0,-1,0,0,0,1,0,-1,0
Dan Bishop,0,1,0,0,0,0,-1,0,0,0,1,-1,-1,0,1,0,-1,0,-1,1,0,-1,-1,0,0,0,0,0,0,1,0,1,0,0,0,0,0,-1,0,0,0,-1,0,1,-1,0
Kweisi Mfume,0,0,0,0,1,0,0,0,0,-1,0,1,1,0,0,1,1,0,1,-1,0,0,1,0,0,0,0,0,1,-1,-1,0,0,0,0,0,0,0,1,0,0,0,0,0,1,0
Thomas P. Tiffany,1,0,1,-1,-1,0,0,0,0,1,0,1,-1,0,0,0,-1,0,-1,1,0,0,-1,0,0,0,0,0,-1,1,1,0,0,0,0,0,0,0,-1,0,0,0,1,0,-1,0
Mike Garcia,1,0,1,-1,-1,0,0,0,0,1,0,1,-1,0,0,0,0,0,0,0,0,0,-1,0,0,0,0,0,0,1,1,0,0,0,1,0,0,0,-1,0,0,0,1,0,1,0
Mark Kelly,0,-1,0,0,0,0,0,0,0,0,0,1,1,0,0,0,1,0,0,-1,1,0,1,1,0,1,0,0,0,1,0,0,0,0,1,0,0,1,0,0,0,0,0,0,1,0
Cynthia M. Lummis,0,1,0,0,0,0,0,-1,0,0,0,0,1,0,0,0,0,0,0,0,0,-1,-1,0,0,0,1,0,0,0,0,0,1,0,0,0,0,0,0,0,0,0,0,1,0,0
Darrell Issa,1,0,1,-1,0,0,0,0,0,1,0,1,0,0,0,0,1,0,0,2,0,0,-1,0,0,0,0,0,0,1,1,0,0,0,1,0,0,0,0,0,0,0,0,0,1,0
Pete Sessions,1,0,1,-1,-1,0,0,0,0,1,0,1,-1,0,0,1,-1,0,-1,1,0,0,-1,0,0,0,0,0,0,1,1,0,0,0,1,0,0,0,0,0,0,0,0,0,0,0
David G. Valadao,-1,0,1,0,0,0,0,0,0,-1,0,1,0,0,0,0,-1,0,0,1,0,0,-1,0,0,0,0,0,0,1,0,0,0,0,1,0,0,0,1,0,0,0,0,0,0,0
Tommy Tuberville,0,1,0,0,0,0,0,-1,0,0,0,1,-1,0,0,0,0,0,0,0,0,0,-1,0,0,0,1,0,0,0,0,0,1,0,0,0,0,0,0,0,0,0,0,0,0,0
John W. Hickenlooper,0,-1,0,0,0,1,0,0,0,0,-1,0,1,-1,1,0,0,1,0,0,1,1,1,0,0,0,-1,1,0,0,0,-1,-1,0,0,0,0,0,0,0,0,0,0,1,1,0
Bill Hagerty,0,1,0,0,0,0,0,-1,0,0,0,0,1,1,1,0,0,-1,0,0,-1,-1,-1,0,0,0,1,0,0,0,0,1,1,0,0,0,-1,0,0,0,0,0,0,1,0,0
Barry Moore,1,0,1,-1,-1,0,0,0,0,1,0,1,1,0,0,0,-1,0,-1,1,0,0,-1,0,0,0,0,0,0,1,1,0,0,0,1,0,0,0,-1,0,0,0,1,0,1,0
Jerry L. Carl,1,0,1,-1,0,0,0,0,0,1,0,1,-1,0,0,0,-1,0,0,1,0,0,-1,0,0,0,0,0,0,1,1,0,0,0,1,0,0,0,-1,0,0,0,0,0,-1,0
Young Kim,1,0,1,-1,1,0,0,0,0,1,0,1,-1,0,0,0,-1,0,0,0,0,0,-1,0,0,0,0,0,-1,1,1,0,0,0,1,0,0,0,1,0,0,0,1,0,0,0
Jay Obernolte,1,0,1,-1,-1,0,0,0,0,1,0,1,-1,0,0,0,0,0,-1,0,0,0,-1,-1,-1,0,0,0,-1,1,1,0,0,0,1,0,0,0,0,0,0,0,0,0,0,0
Michelle Steel,1,0,1,-1,0,0,0,0,0,1,0,1,-1,0,0,0,-1,0,-1,1,0,0,-1,0,0,0,0,0,0,1,0,0,0,0,1,0,0,0,1,0,0,0,0,0,0,0
Lauren Boebert,1,0,1,-1,0,0,0,0,0,1,0,1,-1,0,0,0,-1,0,-1,1,0,0,-1,0,0,0,0,0,0,1,1,0,0,0,0,0,0,0,-1,0,0,0,1,0,-1,0
Kat Cammack,1,0,1,-1,-1,0,0,0,0,1,0,1,-1,0,0,0,-1,0,-1,-1,0,0,-1,0,0,0,0,0,0,1,1,0,0,0,1,0,0,0,-1,0,0,0,1,0,-1,0
Sara Jacobs,-1,0,0,0,1,0,0,0,0,-1,0,0,1,0,0,1,1,0,1,0,0,0,1,1,1,0,0,0,1,-1,-1,0,0,0,0,0,0,0,1,0,0,0,0,0,1,0
Scott Franklin,1,0,1,-1,-1,0,0,0,0,1,0,1,-1,0,0,0,-1,0,-1,1,0,0,-1,0,0,0,0,0,0,1,1,0,0,0,1,0,0,0,-1,0,0,0,1,0,-1,0
Byron Donalds,1,0,1,-1,-1,0,0,0,0,1,0,0,-1,0,0,0,-1,0,-1,1,0,0,-1,0,0,0,0,0,-1,1,1,0,0,0,0,0,0,0,-1,0,0,0,1,0,-1,0
Maria Elvira Salazar,1,0,1,-1,0,0,0,0,0,1,0,0,-1,0,0,0,-1,0,0,2,0,0,-1,0,0,0,0,0,0,1,0,0,0,0,1,0,0,0,1,0,0,0,1,0,-1,0
Nikema Williams,-1,0,0,1,1,0,0,0,0,-1,0,-1,1,0,0,1,1,0,1,-1,0,0,1,1,1,0,0,0,1,-1,-1,0,0,0,1,0,0,0,1,0,0,0,0,0,1,0
Carlos A. Gimenez,1,0,1,0,0,0,0,0,0,1,0,1,-1,0,0,0,-1,0,-1,2,0,0,0,0,0,0,0,0,0,1,1,0,0,0,1,0,0,0,1,0,0,0,1,0,-1,0
Andrew S. Clyde,1,0,1,-1,-1,0,0,0,0,1,0,1,-1,0,0,0,-1,0,-1,1,0,0,-1,0,0,0,0,0,-1,1,1,0,0,0,1,0,0,0,-1,0,0,0,1,0,-1,0
Marjorie Taylor Greene,1,0,1,-1,0,0,0,0,0,1,0,1,-1,0,0,0,-1,0,-1,1,0,0,-1,0,0,0,0,0,-1,1,1,0,0,0,-1,0,0,0,-1,0,0,0,0,0,0,0
Ashley Hinson,1,0,1,-1,1,0,0,0,0,1,0,1,-1,0,0,0,-1,0,-1,2,0,0,-1,0,0,0,0,0,0,1,1,0,0,0,1,0,0,0,1,0,0,0,1,0,0,0
Mary E. Miller,0,0,0,0,0,0,0,0,0,0,0,0,0,0,0,0,0,0,0,0,0,0,0,0,0,0,0,0,0,0,0,0,0,0,0,0,0,0,0,0,0,0,0,0,0,0
Mariannette Miller-Meeks,1,0,1,0,0,0,0,0,0,1,0,1,-1,0,0,0,1,0,-1,2,0,0,-1,1,1,0,0,0,1,1,1,0,0,0,1,0,0,0,1,0,0,0,1,0,-1,0
Randy Feenstra,1,0,-1,-1,0,0,0,0,0,1,0,1,-1,0,0,1,-1,0,-1,-3,0,0,-1,0,0,0,0,0,0,1,1,0,0,0,1,0,0,0,1,0,0,0,1,0,0,0
Tracey Mann,1,0,1,-1,0,0,0,0,0,1,0,1,-1,0,0,0,0,0,-1,1,0,0,-1,0,0,0,0,0,0,1,1,0,0,0,1,0,0,0,0,0,0,0,1,0,0,0
Frank J. Mrvan,-1,0,0,0,1,0,0,0,0,0,0,1,1,0,0,1,1,0,0,1,0,0,1,1,1,0,0,0,1,0,-1,0,0,0,1,0,0,0,1,0,0,0,1,0,1,0
Jake LaTurner,0,1,0,0,0,0,0,0,0,0,0,1,0,0,0,0,-1,0,-1,0,0,0,-1,0,0,0,0,0,0,1,0,0,0,0,1,0,0,1,0,0,0,-1,0,0,0,0
Victoria Spartz,1,0,1,0,0,0,0,0,0,1,0,1,-1,0,0,0,-1,0,0,0,0,0,-1,0,0,0,0,0,0,1,1,0,0,0,1,0,0,0,1,0,0,0,1,0,0,0
Jake Auchincloss,-1,0,-1,1,1,0,0,0,0,1,0,-1,1,0,0,1,1,0,0,-1,0,0,1,1,1,0,0,0,1,-1,-1,0,0,0,1,0,0,0,1,0,0,0,1,0,1,0
Cori Bush,-1,0,0,1,1,0,0,0,0,-1,0,-1,1,0,0,1,1,0,1,-1,0,0,1,1,1,0,0,0,1,-1,-1,0,0,0,1,0,0,0,1,0,0,0,0,0,1,0
Lisa C. McClain,1,0,1,0,-1,0,0,0,0,1,0,1,-1,0,0,0,-1,0,-1,1,0,0,-1,0,0,0,0,0,0,1,1,0,0,0,0,0,0,0,0,0,0,0,1,0,-1,0
Deborah K. Ross,-1,0,-1,1,1,0,0,0,0,-1,0,1,1,0,0,1,1,0,1,-1,0,0,1,1,1,0,0,0,1,0,-1,0,0,0,1,0,0,0,1,0,0,0,0,0,1,0
"Matthew M. Rosendale, Sr.",0,1,0,0,0,0,-1,0,0,0,1,-1,-1,0,-1,0,-1,0,0,0,-1,-1,-1,0,0,0,0,0,0,1,0,1,0,0,1,0,0,1,0,0,0,-1,0,1,-1,0
Michelle Fischbach,1,0,0,0,-1,0,0,0,0,1,0,1,-1,0,0,0,-1,0,-1,1,0,0,-1,0,0,0,0,0,-1,1,1,0,0,0,1,0,0,0,0,0,0,0,1,0,0,0
Kathy E. Manning,0,-1,0,0,0,0,1,0,0,0,-1,1,1,0,1,0,1,0,0,-1,1,1,1,1,0,1,0,0,0,0,0,-1,0,0,1,0,0,1,0,0,0,-1,0,0,1,0
Teresa Leger Fernandez,0,0,0,0,0,0,0,0,0,0,0,0,0,0,0,0,0,0,0,0,0,0,0,0,0,0,0,0,0,0,0,0,0,0,0,0,0,0,0,0,0,0,0,0,0,0
Andrew R. Garbarino,0,0,1,-1,0,0,0,0,0,1,0,1,-1,0,0,0,-1,0,0,0,0,0,-1,0,0,0,0,0,-1,1,0,0,0,0,1,0,0,0,1,0,0,0,1,0,-1,0
Ritchie Torres,-1,0,0,1,1,0,0,0,0,-1,0,1,1,0,0,1,1,0,1,-1,0,0,1,0,0,0,0,0,1,-1,-1,0,0,0,1,0,0,0,1,0,0,0,1,0,1,0
Jamaal Bowman,-1,0,-1,1,1,0,0,0,0,-1,0,-1,1,0,0,1,1,0,1,-1,0,0,1,1,1,0,0,0,1,-1,-1,0,0,0,1,0,0,0,1,0,0,0,1,0,1,0
Nicole Malliotakis,1,0,1,-1,0,0,0,0,0,1,0,1,-1,0,0,0,-1,0,-1,3,0,0,-1,0,0,0,0,0,1,1,1,0,0,0,1,0,0,0,0,0,0,0,1,0,-1,0
Stephanie I. Bice,1,0,0,0,0,0,0,0,0,0,0,1,0,0,0,0,-1,0,-1,0,0,0,-1,0,0,0,0,0,0,1,1,0,0,0,1,0,0,0,1,0,0,0,1,0,0,0
Cliff Bentz,1,0,1,-1,0,0,0,0,0,0,0,1,-1,0,0,0,-1,0,-1,0,0,0,-1,-1,-1,0,0,0,0,1,0,0,0,0,1,0,0,0,1,0,0,0,1,0,0,0
Pat Fallon,1,0,1,-1,0,0,0,0,0,1,0,1,-1,0,0,0,-1,0,-1,1,0,0,-1,0,0,0,0,0,0,1,1,0,0,0,1,0,0,0,1,0,0,0,1,0,0,0
Diana Harshbarger,1,0,1,-1,-1,0,0,0,0,1,0,1,-1,0,0,0,-1,0,0,1,0,0,-1,0,0,0,0,0,-1,1,1,0,0,0,1,0,0,0,-1,0,0,0,1,0,-1,0
Nancy Mace,1,0,1,0,-1,0,0,0,0,1,0,1,1,0,0,0,0,0,-1,1,0,0,-1,0,0,0,0,0,0,1,1,0,0,0,1,0,0,0,-1,0,0,0,0,0,-1,0
August Pfluger,1,0,1,-1,0,0,0,0,0,1,0,1,-1,0,0,0,-1,0,-1,1,0,0,-1,0,0,0,0,0,0,1,1,0,0,0,1,0,0,0,0,0,0,0,1,0,0,0
Ronny Jackson,1,0,1,-1,0,0,0,0,0,1,0,1,-1,0,0,0,-1,0,-1,1,0,0,-1,0,0,0,0,0,0,1,1,0,0,0,1,0,0,0,-1,0,0,0,1,0,0,0
Troy E. Nehls,1,0,1,0,0,0,0,0,0,1,0,1,-1,0,0,0,-1,0,-1,0,0,0,-1,0,0,0,0,0,0,1,1,0,0,0,1,0,0,0,-1,0,0,0,1,0,0,0
Blake D. Moore,1,0,1,0,-1,0,0,0,0,1,0,1,-1,0,0,0,0,0,-1,-1,0,0,-1,0,0,0,0,0,0,1,1,0,0,0,1,0,0,0,1,0,0,0,1,0,-1,0
Tony Gonzales,1,0,1,-1,0,0,0,0,0,1,0,1,-1,0,0,1,-1,0,-1,0,0,0,-1,0,0,0,0,0,0,1,1,0,0,0,1,0,0,0,1,0,0,0,1,0,-1,0
Beth Van Duyne,1,0,1,-1,0,0,0,0,0,1,0,1,-1,0,0,1,-1,0,-1,0,0,0,-1,0,0,0,0,0,-1,1,1,0,0,0,1,0,0,0,-1,0,0,0,1,0,0,0
Burgess Owens,1,0,1,-1,-1,0,0,0,0,1,0,1,-1,0,0,0,0,0,-1,1,0,0,-1,0,0,0,0,0,0,1,1,0,0,0,1,0,0,0,0,0,0,0,1,0,-1,0
Bob Good,1,0,1,0,-1,0,0,0,0,1,0,0,-1,0,0,0,-1,0,-1,0,0,0,-1,0,0,0,0,0,-1,1,1,0,0,0,0,0,0,0,-1,0,0,0,0,0,0,0
Scott Fitzgerald,1,0,1,-1,0,0,0,0,0,1,0,1,-1,0,0,0,-1,0,-1,1,0,0,-1,0,0,0,0,0,0,1,1,0,0,0,1,0,0,0,-1,0,0,0,1,0,-1,0
Alex Padilla,0,-1,0,0,0,0,1,0,0,0,1,-1,1,0,1,0,1,0,1,0,1,1,1,1,0,1,0,0,0,0,0,-1,0,0,1,0,0,1,0,0,0,1,0,1,1,0
Marilyn Strickland,0,0,0,0,0,0,0,0,0,0,0,0,0,0,0,0,0,0,0,0,0,0,0,0,0,0,0,0,0,0,0,0,0,0,0,0,0,0,0,0,0,0,0,0,0,0
Jon Ossoff,0,-1,0,0,0,1,0,1,0,0,-1,0,1,0,1,0,0,0,0,0,1,1,1,0,0,0,-1,1,0,0,0,0,-1,0,0,0,0,0,0,0,0,0,0,0,1,0
Raphael G. Warnock,0,-1,0,0,0,0,1,0,0,0,-1,0,1,0,1,0,1,0,1,-1,1,1,1,1,0,1,0,0,0,0,0,-1,0,0,1,0,0,1,0,0,0,0,0,0,1,0
Julia Letlow,0,0,0,0,0,0,0,0,0,0,0,0,0,0,0,0,0,0,0,0,0,0,0,0,0,0,0,0,0,0,0,0,0,0,0,0,0,0,0,0,0,0,0,0,0,0
Claudia Tenney,1,0,1,-1,0,0,0,0,0,1,0,1,-1,0,0,1,-1,0,-1,1,0,0,-1,0,0,0,0,0,1,1,1,0,0,0,1,0,0,0,-1,0,0,0,1,0,0,0
Troy A. Carter,0,0,0,0,0,0,0,0,0,0,0,0,0,0,0,0,0,0,0,0,0,0,0,0,0,0,0,0,0,0,0,0,0,0,0,0,0,0,0,0,0,0,0,0,0,0
Melanie A. Stansbury,-1,0,-1,1,1,0,0,0,0,1,0,1,1,0,0,1,1,0,1,-1,0,0,1,1,1,0,0,0,1,-1,-1,0,0,0,1,0,0,0,1,0,0,0,1,0,1,0
Jake Ellzey,1,0,1,-1,0,0,0,0,0,1,0,1,-1,0,0,0,-1,0,-1,1,0,0,-1,0,0,0,0,0,0,1,-1,0,0,0,1,0,0,0,1,0,0,0,1,0,0,0
Shontel M. Brown,-1,0,-1,1,1,0,0,0,0,-1,0,1,1,0,0,1,1,0,1,-1,0,0,1,1,1,0,0,0,1,0,-1,0,0,0,1,0,0,0,1,0,0,0,1,0,1,0
Sheila Cherfilus-McCormick,-1,0,-1,1,1,0,0,0,0,1,0,1,1,0,0,1,1,0,1,1,0,0,1,1,1,0,0,0,1,-1,-1,0,0,0,1,0,0,0,1,0,0,0,1,0,1,0
Mike Carey,1,0,1,-1,0,0,0,0,0,0,0,1,-1,0,0,1,-1,0,-1,0,0,0,-1,0,0,0,0,0,0,1,0,0,0,0,1,0,0,0,-1,0,0,0,1,0,0,0
Mike Flood,1,0,1,-1,0,0,0,0,0,1,0,1,-1,0,0,1,-1,0,-1,1,0,0,-1,0,0,0,0,0,0,1,1,0,0,0,1,0,0,0,0,0,0,0,1,0,0,0
Brad Finstad,1,0,0,0,0,0,0,0,0,0,0,1,0,0,0,0,0,0,-1,0,0,0,0,0,0,0,0,0,0,1,1,0,0,0,0,0,0,0,-1,0,0,0,1,0,0,0
Patrick Ryan,0,0,0,0,0,0,0,0,0,0,0,0,0,0,0,0,0,0,0,0,0,0,0,0,0,0,0,0,0,0,0,0,0,0,0,0,0,0,0,0,0,0,0,0,0,0
Mary Sattler Peltola,-1,0,0,1,1,0,0,0,0,0,0,1,1,0,0,1,1,0,0,2,0,0,1,1,1,0,0,0,1,1,0,0,0,0,1,0,0,0,1,0,0,0,1,0,0,0
Rudy Yakym III,1,0,1,-1,0,0,0,0,0,0,0,1,-1,0,0,0,-1,0,-1,0,0,0,-1,0,0,0,0,0,0,1,1,0,0,0,1,0,0,0,0,0,0,0,0,0,0,0
Katie Boyd Britt,0,0,0,0,0,0,0,0,0,0,0,0,0,0,0,0,0,0,0,0,0,0,0,0,0,0,0,0,0,0,0,0,0,0,0,0,0,0,0,0,0,0,0,0,0,0
Ryan K. Zinke,1,0,0,0,0,0,0,0,0,1,0,1,-1,0,0,-1,0,0,-1,1,0,0,-1,0,0,0,0,0,0,1,1,0,0,0,1,0,0,0,-1,0,0,0,1,0,0,0
Eric Schmitt,0,1,0,0,0,0,0,0,0,0,0,0,0,0,0,0,-1,0,-1,1,-1,-1,-1,0,0,0,0,0,0,1,0,0,0,0,1,0,0,-1,0,0,0,-1,0,0,0,0
John Fetterman,0,-1,0,0,0,0,1,0,0,0,0,0,1,0,0,0,1,0,1,-1,1,1,1,1,0,1,0,0,0,0,0,-1,0,0,1,0,0,1,0,0,0,1,0,-1,1,0
Dale W. Strong,0,0,1,-1,0,0,0,0,0,0,0,1,-1,0,0,0,-1,0,0,0,0,0,-1,0,0,0,0,0,0,1,1,0,0,0,1,0,0,0,1,0,0,0,0,0,0,0
Elijah Crane,1,0,1,-1,0,0,0,0,0,0,0,0,-1,0,0,0,-1,0,-1,0,0,0,-1,0,0,0,0,0,0,1,1,0,0,0,-1,0,0,0,-1,0,0,0,1,0,0,0
Juan Ciscomani,0,0,0,0,0,0,0,0,0,0,0,0,0,0,0,0,0,0,0,0,0,0,0,0,0,0,0,0,0,0,0,0,0,0,0,0,0,0,0,0,0,0,0,0,0,0
Kevin Kiley,0,0,0,0,1,0,0,0,0,1,0,0,0,0,0,1,0,0,0,1,0,0,-1,0,0,0,0,0,0,1,0,0,0,0,0,0,0,0,0,0,0,0,0,0,0,0
J.D. Vance,0,0,0,0,0,0,0,0,0,0,0,0,0,0,0,0,0,0,0,0,0,0,0,0,0,0,0,0,0,0,0,0,0,0,0,0,0,0,0,0,0,0,0,0,0,0
John S. Duarte,0,0,0,0,0,0,0,0,0,0,0,0,0,0,0,0,1,0,0,2,0,0,0,0,0,0,0,0,0,0,-1,0,0,0,0,0,0,0,0,0,0,0,0,0,0,0
Sydney Kamlager-Dove,-1,0,-1,1,1,0,0,0,0,-1,0,0,1,0,0,1,1,0,1,-1,0,0,1,1,1,0,0,0,1,-1,-1,0,0,0,1,0,0,0,1,0,0,0,0,0,1,0
Kevin Mullin,-1,0,0,0,1,0,0,0,0,0,0,0,1,0,0,1,1,0,0,1,0,0,1,1,1,0,0,0,1,0,0,0,0,0,0,0,0,0,0,0,0,0,0,0,1,0
Robert Garcia,-1,0,-1,1,1,0,0,0,0,-1,0,-1,1,0,0,1,1,0,1,-1,0,0,1,1,1,0,0,0,1,-1,1,0,0,0,0,0,0,0,1,0,0,0,0,0,1,0
Brittany Pettersen,-1,0,0,1,1,0,0,0,0,-1,0,1,1,0,0,1,1,0,1,-1,0,0,1,1,1,0,0,0,1,0,-1,0,0,0,1,0,0,0,1,0,0,0,1,0,0,0
Yadira Caraveo,-1,0,0,1,1,0,0,0,0,0,0,0,1,0,0,1,0,0,0,1,0,0,1,1,1,0,0,0,0,-1,0,0,0,0,1,0,0,0,1,0,0,0,1,0,0,0
Maxwell Frost,0,0,0,0,0,0,0,0,0,0,0,0,0,0,0,0,0,0,0,0,0,0,0,0,0,0,0,0,0,0,0,0,0,0,0,0,0,0,0,0,0,0,0,0,0,0
Cory Mills,1,0,1,-1,0,0,0,0,0,0,0,1,-1,0,0,0,-1,0,-1,1,0,0,-1,0,0,0,0,0,1,1,1,0,0,0,0,0,0,0,-1,0,0,0,1,0,0,0
Aaron Bean,1,0,1,-1,0,0,0,0,0,1,0,1,-1,0,0,0,-1,0,-1,1,0,0,-1,0,0,0,0,0,0,1,1,0,0,0,1,0,0,0,-1,0,0,0,1,0,0,0
Anna Paulina Luna,1,0,0,0,-1,0,0,0,0,1,0,0,-1,0,0,0,-1,0,-1,1,0,0,-1,0,0,0,0,0,0,1,1,0,0,0,1,0,0,0,-1,0,0,0,1,0,-1,0
Mike Collins,0,0,0,0,0,0,0,0,0,0,0,0,0,0,0,0,0,0,0,0,0,0,0,0,0,0,0,0,0,0,0,0,0,0,0,0,0,0,0,0,0,0,0,0,0,0
Laurel M. Lee,1,0,1,0,0,0,0,0,0,1,0,1,-1,0,0,0,0,0,0,1,0,0,-1,0,0,0,0,0,0,1,1,0,0,0,1,0,0,0,0,0,0,0,1,0,-1,0
Richard McCormick,0,0,0,0,0,0,0,0,0,0,0,0,0,0,0,0,0,0,0,0,0,0,0,0,0,0,0,0,0,0,0,0,0,0,0,0,0,0,0,0,0,0,0,0,0,0
Jared Moskowitz,-1,0,0,0,1,0,0,0,0,0,0,0,0,0,0,1,0,0,0,1,0,0,1,0,0,0,0,0,0,0,0,0,0,0,1,0,0,0,1,0,0,0,1,0,0,0
James C. Moylan,0,0,0,0,0,0,0,0,0,0,0,0,0,0,0,0,0,0,0,0,0,0,0,0,0,0,0,0,0,0,0,0,0,0,0,0,0,0,0,0,0,0,0,0,0,0
Jill N. Tokuda,-1,0,0,0,1,0,0,0,0,-1,0,-1,1,0,0,1,0,0,1,1,0,0,1,1,1,0,0,0,1,-1,0,0,0,0,0,0,0,0,1,0,0,0,0,0,1,0
Jonathan L. Jackson,-1,0,0,0,1,0,0,0,0,-1,0,-1,1,0,0,1,1,0,1,0,0,0,1,0,0,0,0,0,1,-1,-1,0,0,0,1,0,0,0,1,0,0,0,0,0,0,0
Zachary Nunn,1,0,1,-1,1,0,0,0,0,1,0,1,-1,0,0,1,0,0,0,3,0,0,-1,1,1,0,0,0,0,1,0,0,0,0,1,0,0,0,0,0,0,0,1,0,0,0
Delia C. Ramirez,0,0,0,0,0,0,0,0,0,0,0,0,0,0,0,0,0,0,0,0,0,0,0,0,0,0,0,0,0,0,0,0,0,0,0,0,0,0,0,0,0,0,0,0,0,0
Nikki Budzinski,0,0,0,0,0,0,0,0,0,0,0,0,0,0,0,0,0,0,0,0,0,0,0,0,0,0,0,0,0,0,0,0,0,0,0,0,0,0,0,0,0,0,0,0,0,0
Eric Sorensen,-1,0,0,0,1,0,0,0,0,0,0,0,0,0,0,0,0,0,0,1,0,0,1,0,0,0,0,0,1,0,0,0,0,0,1,0,0,0,1,0,0,0,1,0,0,0
Erin Houchin,1,0,1,0,0,0,0,0,0,0,0,1,-1,0,0,0,-1,0,0,0,0,0,-1,0,0,0,0,0,0,1,1,0,0,0,1,0,0,0,-1,0,0,0,1,0,0,0
Morgan McGarvey,0,0,0,0,0,0,0,0,0,0,0,0,0,0,0,0,0,0,0,0,0,0,0,0,0,0,0,0,0,0,0,0,0,0,0,0,0,0,0,0,0,0,0,0,0,0
Glenn Ivey,-1,0,0,0,1,0,0,0,0,1,0,0,0,0,0,1,1,0,0,1,0,0,1,1,1,0,0,0,0,0,0,0,0,0,0,0,0,0,0,0,0,0,0,0,0,0
Hillary J. Scholten,-1,0,0,0,1,0,0,0,0,0,0,0,1,0,0,1,1,0,0,-1,0,0,1,1,1,0,0,0,1,0,-1,0,0,0,1,0,0,0,1,0,0,0,1,0,0,0
John James,1,0,0,0,0,0,0,0,0,0,0,1,-1,0,0,0,0,0,-1,1,0,0,-1,0,0,0,0,0,0,1,1,0,0,0,1,0,0,0,0,0,0,0,1,0,0,0
Shri Thanedar,-1,0,0,1,1,0,0,0,0,1,0,0,1,0,0,1,1,0,1,0,0,0,1,0,0,0,0,0,1,-1,-1,0,0,0,1,0,0,0,1,0,0,0,1,0,1,0
Eric Burlison,1,0,1,-1,0,0,0,0,0,0,0,1,-1,0,0,0,-1,0,-1,1,0,0,-1,0,0,0,0,0,0,1,1,0,0,0,1,0,0,0,-1,0,0,0,1,0,0,0
Mark Alford,1,0,1,-1,0,0,0,0,0,0,0,1,-1,0,0,0,-1,0,-1,1,0,0,-1,0,0,0,0,0,0,1,1,0,0,0,1,0,0,0,0,0,0,0,1,0,0,0
Mike Ezell,0,0,0,0,0,0,0,0,0,0,0,0,0,0,0,0,0,0,0,0,0,0,0,0,0,0,0,0,0,0,0,0,0,0,0,0,0,0,0,0,0,0,0,0,0,0
Donald G. Davis,-1,0,0,0,1,0,0,0,0,0,0,1,1,0,0,1,1,0,1,0,0,0,0,0,0,0,0,0,1,1,0,0,0,0,1,0,0,0,1,0,0,0,1,0,0,0
Valerie P. Foushee,-1,0,0,0,1,0,0,0,0,-1,0,1,0,0,0,1,1,0,1,-1,0,0,1,0,0,0,0,0,1,-1,-1,0,0,0,1,0,0,0,1,0,0,0,1,0,0,0
Wiley Nickel,0,0,0,0,0,0,0,0,0,0,0,0,0,0,0,0,0,0,0,0,0,0,0,0,0,0,0,0,0,0,0,0,0,0,0,0,0,0,0,0,0,0,0,0,0,0
Chuck Edwards,0,0,0,0,0,0,0,0,0,0,0,0,0,0,0,0,0,0,0,0,0,0,0,0,0,0,0,0,0,0,0,0,0,0,0,0,0,0,0,0,0,0,0,0,0,0
Jeff Jackson,0,-1,0,0,0,0,1,0,0,0,-1,0,0,0,1,0,0,0,0,0,1,1,1,1,0,0,0,0,0,0,0,0,0,0,0,0,0,0,0,0,0,0,0,0,1,0
"Thomas H. Kean, Jr.",0,0,0,0,1,0,0,0,0,0,0,1,-1,0,0,0,0,0,0,1,0,0,0,0,0,0,0,0,0,1,1,0,0,0,1,0,0,0,1,0,0,0,1,0,0,0
Gabe Vasquez,-1,0,0,0,1,0,0,0,0,0,0,1,1,0,0,1,1,0,1,0,0,0,1,1,1,0,0,0,1,0,-1,0,0,0,1,0,0,0,1,0,0,0,1,0,0,0
Robert Menendez,0,-1,0,0,0,0,0,1,1,0,0,0,1,-1,0,0,0,1,0,2,0,0,1,0,0,0,-1,0,0,0,0,-1,-1,1,0,0,0,0,0,0,0,0,0,0,1,1
Nick LaLota,0,0,0,0,0,0,0,0,0,0,0,0,0,0,0,0,0,0,0,0,0,0,0,0,0,0,0,0,0,0,0,0,0,0,0,0,0,0,0,0,0,0,0,0,0,0
Daniel S. Goldman,0,0,0,0,0,0,0,0,0,0,0,0,0,0,0,0,0,0,0,0,0,0,0,0,0,0,0,0,0,0,0,0,0,0,0,0,0,0,0,0,0,0,0,0,0,0
Michael Lawler,0,0,0,0,0,0,0,0,0,1,0,0,-1,0,0,0,-1,0,0,0,0,0,0,0,0,0,0,0,0,1,0,0,0,0,1,0,0,0,1,0,0,0,1,0,0,0
Anthony Dâ€™Esposito,0,0,1,0,1,0,0,0,0,1,0,1,-1,0,0,0,-1,0,-1,0,0,0,0,0,0,0,0,0,1,1,1,0,0,0,1,0,0,0,1,0,0,0,1,0,0,0
Marcus J. Molinaro,0,0,1,-1,0,0,0,0,0,1,0,1,-1,0,0,1,1,0,0,1,0,0,-1,1,1,0,0,0,0,1,1,0,0,0,1,0,0,0,1,0,0,0,1,0,0,0
Brandon Williams,1,0,1,-1,0,0,0,0,0,0,0,1,-1,0,0,1,0,0,-1,2,0,0,-1,0,0,0,0,0,0,1,1,0,0,0,1,0,0,0,-1,0,0,0,1,0,0,0
Nicholas A. Langworthy,0,0,0,0,0,0,0,0,0,0,0,0,0,0,0,0,0,0,0,0,0,0,0,0,0,0,0,0,0,0,0,0,0,0,0,0,0,0,0,0,0,0,0,0,0,0
Emilia Strong Sykes,-1,0,1,0,1,0,0,0,0,-1,0,1,1,0,0,1,1,0,0,-1,0,0,1,1,1,0,0,0,1,0,-1,0,0,0,1,0,0,0,1,0,0,0,1,0,0,0
Max L. Miller,1,0,1,-1,0,0,0,0,0,1,0,1,1,0,0,0,-1,0,-1,1,0,0,-1,0,0,0,0,0,0,1,1,0,0,0,1,0,0,0,1,0,0,0,1,0,0,0
Greg Landsman,-1,0,-1,1,0,0,0,0,0,0,0,0,1,0,0,0,0,0,1,-1,0,0,1,1,1,0,0,0,1,0,0,0,0,0,1,0,0,0,1,0,0,0,1,0,0,0
Val T. Hoyle,-1,0,1,1,1,0,0,0,0,0,0,-1,1,0,0,1,1,0,1,-1,0,0,1,1,1,0,0,0,1,0,0,0,0,0,1,0,0,0,1,0,0,0,0,0,1,0
Andrea Salinas,0,0,0,0,0,0,0,0,0,0,0,0,0,0,0,0,0,0,0,0,0,0,0,0,0,0,0,0,0,0,0,0,0,0,0,0,0,0,0,0,0,0,0,0,0,0
Josh Brecheen,1,0,0,0,0,0,0,0,0,0,0,0,-1,0,0,-1,-1,0,-1,0,0,0,-1,0,0,0,0,0,0,1,1,0,0,0,1,0,0,0,-1,0,0,0,0,0,0,0
Summer L. Lee,-1,0,-1,1,1,0,0,0,0,-1,0,-1,1,0,0,1,1,0,1,-1,0,0,1,1,1,0,0,0,1,-1,-1,0,0,0,1,0,0,0,1,0,0,0,1,0,1,0
Lori Chavez-DeRemer,0,0,1,-1,0,0,0,0,0,0,0,1,-1,0,0,1,0,0,0,1,0,0,-1,0,0,0,0,0,1,1,0,0,0,0,1,0,0,0,1,0,0,0,1,0,0,0
Seth Magaziner,-1,0,-1,1,1,0,0,0,0,0,0,0,1,0,0,1,0,0,0,0,0,0,1,1,1,0,0,0,1,-1,0,0,0,0,1,0,0,0,1,0,0,0,1,0,1,0
Christopher R. Deluzio,-1,0,0,1,1,0,0,0,0,0,0,0,1,0,0,1,0,0,0,0,0,0,1,1,1,0,0,0,1,0,0,0,0,0,1,0,0,0,1,0,0,0,1,0,1,0
Andrew Ogles,0,0,0,0,0,0,0,0,0,0,0,0,0,0,0,0,0,0,0,0,0,0,0,0,0,0,0,0,0,0,0,0,0,0,0,0,0,0,0,0,0,0,0,0,0,0
Russell Fry,0,0,0,0,0,0,0,0,0,0,0,0,0,0,0,0,0,0,0,0,0,0,0,0,0,0,0,0,0,0,0,0,0,0,0,0,0,0,0,0,0,0,0,0,0,0
Nathaniel Moran,1,0,1,-1,0,0,0,0,0,1,0,1,-1,0,0,0,-1,0,-1,1,0,0,-1,0,0,0,0,0,0,1,1,0,0,0,1,0,0,0,0,0,0,0,0,0,0,0
Morgan Luttrell,0,0,0,0,0,0,0,0,0,0,0,0,0,0,0,0,0,0,0,0,0,0,0,0,0,0,0,0,0,0,0,0,0,0,0,0,0,0,0,0,0,0,0,0,0,0
Keith Self,1,0,1,-1,0,0,0,0,0,0,0,1,-1,0,0,0,-1,0,-1,1,0,0,-1,0,0,0,0,0,0,1,1,0,0,0,1,0,0,0,-1,0,0,0,1,0,0,0
Jasmine Crockett,-1,0,0,0,1,0,0,0,0,-1,0,0,1,0,0,1,1,0,1,0,0,0,1,1,1,0,0,0,1,-1,-1,0,0,0,1,0,0,0,1,0,0,0,0,0,0,0
Greg Casar,-1,0,0,1,1,0,0,0,0,-1,0,-1,1,0,0,1,0,0,1,-1,0,0,1,1,1,0,0,0,1,-1,-1,0,0,0,0,0,0,0,0,0,0,0,0,0,1,0
Monica De La Cruz,1,0,1,-1,1,0,0,0,0,1,0,1,-1,0,0,0,-1,0,0,0,0,0,-1,0,0,0,0,0,0,1,1,0,0,0,1,0,0,0,-1,0,0,0,1,0,0,0
Wesley Hunt,1,0,1,-1,-1,0,0,0,0,1,0,0,-1,0,0,0,-1,0,-1,3,0,0,-1,0,0,0,0,0,0,1,0,0,0,0,1,0,0,0,-1,0,0,0,0,0,0,0
Jennifer Kiggans,1,0,1,0,1,0,0,0,0,1,0,1,-1,0,0,0,1,0,1,2,0,0,-1,0,0,0,0,0,0,1,0,0,0,0,1,0,0,0,1,0,0,0,1,0,0,0
Becca Balint,-1,0,0,1,1,0,0,0,0,0,0,0,1,0,0,1,1,0,1,0,0,0,1,1,1,0,0,0,1,-1,-1,0,0,0,1,0,0,0,1,0,0,0,1,0,1,0
Derrick Van Orden,1,0,1,-1,0,0,0,0,0,1,0,1,-1,0,0,0,-1,0,-1,1,0,0,-1,0,0,0,0,0,0,1,1,0,0,0,1,0,0,0,-1,0,0,0,1,0,0,0
Marie Gluesenkamp Perez,0,0,0,0,0,0,0,0,0,0,0,0,0,0,0,0,0,0,0,0,0,0,0,0,0,0,0,0,0,0,0,0,0,0,0,0,0,0,0,0,0,0,0,0,0,0
Harriet M. Hageman,1,0,1,-1,0,0,0,0,0,0,0,1,-1,0,0,0,0,0,-1,1,0,0,-1,0,0,0,0,0,0,1,1,0,0,0,1,0,0,0,-1,0,0,0,1,0,0,0
Pete Ricketts,1,0,1,-1,0,0,0,0,0,0,0,1,-1,0,0,1,-1,0,-1,0,0,0,1,0,0,0,0,0,0,1,1,0,0,0,1,0,0,0,1,0,0,0,1,0,0,0
Laphonza R. Butler,0,0,0,0,0,0,0,0,0,0,0,0,0,0,0,0,0,0,0,0,0,0,0,0,0,0,0,0,0,0,0,0,0,0,0,0,0,0,0,0,0,0,0,0,0,0
Jennifer L. McClellan,-1,0,-1,1,1,0,0,0,0,-1,0,0,1,0,0,1,1,0,1,-1,0,0,1,1,1,0,0,0,1,-1,-1,0,0,0,1,0,0,0,1,0,0,0,1,0,1,0
Gabe Amo,0,0,0,0,0,0,0,0,0,0,0,0,0,0,0,0,0,0,0,0,0,0,0,0,0,0,0,0,0,0,0,0,0,0,0,0,0,0,0,0,0,0,0,0,0,0
Thomas R. Suozzi,-1,0,0,1,1,0,0,0,0,-1,0,1,1,0,0,1,1,0,0,1,0,0,1,1,1,0,0,0,1,0,-1,0,0,0,1,0,0,0,1,0,0,0,1,0,1,0
Celeste Maloy,1,0,0,0,0,0,0,0,0,0,0,0,-1,0,0,0,0,0,0,0,0,0,-1,0,0,0,0,0,0,1,0,0,0,0,0,0,0,0,0,0,0,0,0,0,0,0
Vince Fong,0,0,1,0,0,0,0,0,0,0,0,0,1,0,0,1,-1,0,0,0,0,0,0,0,0,0,0,0,0,0,0,0,0,0,0,0,0,0,0,0,0,0,0,0,0,0
Timothy M. Kennedy,-1,0,0,0,0,0,0,0,0,0,0,0,0,0,0,0,1,0,0,0,0,0,1,0,0,0,0,0,1,0,-1,0,0,0,0,0,0,0,1,0,0,0,0,0,0,0
Michael A. Rulli,0,0,0,0,0,0,0,0,0,0,0,0,0,0,0,0,0,0,0,0,0,0,0,0,0,0,0,0,0,0,0,0,0,0,0,0,0,0,0,0,0,0,0,0,0,0
Greg Lopez,0,0,0,0,0,0,0,0,0,0,0,0,0,0,0,0,0,0,0,0,0,0,0,0,0,0,0,0,0,0,0,0,0,0,0,0,0,0,0,0,0,0,0,0,0,0
George S. Helmy,0,0,0,0,0,0,0,0,0,0,0,0,0,0,0,0,0,0,0,0,0,0,0,0,0,0,0,0,0,0,0,0,0,0,0,0,0,0,0,0,0,0,0,0,0,0
Lamonica McIver,0,0,0,0,0,0,0,0,0,0,0,0,0,0,0,0,0,0,0,0,0,0,0,0,0,0,0,0,0,0,0,0,0,0,0,0,0,0,0,0,0,0,0,0,0,0
